pnu;name;data_type;parameter_id
1;STW1;UINT;1.1147990.0
2;ZSW1;UINT;1.1145990.0
3;STW2;UINT;1.1148990.0
4;ZSW2;UINT;1.1146990.0
5;NSOLL_A/NSOLL_B;INT;1.11280502.0
6;Actual velocity value encoder channel 1;INT;1.1210.0
7;NSOLL_A/NSOLL_B;DINT;1.11280502.0
8;Actual velocity value encoder channel 1;DINT;1.1210.0
9;Gn_STW;UINT;1.1149990.0
10;Gn_ZSW;UINT;1.1143990.0
11;Encoder n actual position value 1 (Gn_XIST1);UDINT;1.1142990.0
12;Encoder n actual position value 2 (Gn_XIST2);UDINT;1.1141990.0
13;Gn_STW;UINT;1.1149990.1
14;Gn_ZSW;UINT;1.1143990.1
15;Encoder n actual position value 1 (Gn_XIST1);UDINT;1.1142990.1
16;Encoder n actual position value 2 (Gn_XIST2);UDINT;1.1141990.1
25;XERR;DINT;1.1129990.0
26;KPC ;DINT;1.1127990.0
27;XSOLL_A;DINT;1.11280608.0
28;Actual value modulo;DINT;1.113104.0
32;SATZANW;UINT;1.112415990.0
33;AKTSATZ;UINT;1.112416990.0
34;Target position MDI;DINT;1.11280604.0
35;Profile velocity MDI;UDINT;1.11280605.0
36;Acceleration MDI;INT;1.11280606.0
37;Deceleration MDI;INT;1.11280607.0
38;MDI_MOD;UINT;1.112417990.0
101;MOMRED;INT;1.1126990.0
102;MELDW;UINT;1.11249990.0
205;Velocity override;INT;1.11280611.0
220;POS_STW1;UINT;1.112411990.0
221;POS_ZSW1;UINT;1.112412990.0
222;POS_STW2;UINT;1.112414990.0
223;POS_ZSW2;UINT;1.112413990.0
301;Active error;UINT;1.11280062.0
303;Active warning;UINT;1.11280063.0
311;M_ADD;INT;1.101951.0
312;M_LIMIT_POS;INT;1.101985.0
313;M_LIMIT_NEG;INT;1.101981.0
314;Actual torque value gear shaft;INT;1.151.0
315;Kp_Adapt;INT;1.101993.0
316;CiP Sync: Timestamp associated with the position setpoint;UDINT;0.303303.0
800;Sync Time;REAL;0.31235.0
801;Status PROFINET request;DINT;0.54543.0
802;Active status PROFINET;DINT;0.54544.0
803;Reduction ratio;UDINT;1.4246.0
810;Base value acceleration;REAL;1.11280702.0
811;Base value deceleration;REAL;1.11280703.0
830;Activation touch probe Tel. 111;UINT;1.11280116.0
831;Axis zero point offset;DINT;1.8416.0
832;Lower limit value modulo;DINT;1.113102.0
833;Upper limit value modulo;DINT;1.113113.0
834;Negative software limit position;DINT;1.4629.0
835;Positive software limit position;DINT;1.4630.0
836;Output unwind;DINT;1.102966.0
837;Unwind range;DINT;1.102964.0
844;Counter warning messages;UINT;1.11280060.0
847;Warning number;UINT;1.11280042.0
848;Release time warning;UDINT;1.11280043.0
860;Diagnostic value test 1;UINT;1.66061.0
861;Diagnostic value test 2;UINT;1.66062.0
870;STW_AC4;UINT;1.11280540.0
871;ZSW_AC4;UINT;1.11280541.0
922;PZD telegram selection;UINT;0.11280201.0
924;Assignment controller enable;UINT;1.24126.0
925;Maximum failure Sign of Life;UINT;1.4243.0
927;Parameterization authority Connection;UDINT;0.100072.0
930;Operating mode PROFIdrive;UINT;1.11280002.0
944;Counter error messages;UINT;1.11280061.0
947;Error number;UINT;1.11280040.0
948;Casting time error;UDINT;1.11280041.0
964;Drive unit data;UINT;1.24125.0
965;Profile identification number;USINT;1.11280004.0
972;Reset device;UINT;0.112901.0
974;Parameter channel description PROFIdrive;UINT;1.11280030.0
975;Drive object data;UINT;1.24124.0
976;Load factory settings;UINT;0.112902.0
977;Save the parameter set;UINT;0.112903.0
979;Encoder format;UDINT;1.231243.0
2008;Resolution per rotation;UDINT;0.60.0
2009;Maximum multi-turn turns;UDINT;0.61.0
2010;Single-turn position;UDINT;0.62.0
2011;Multi-turn numerator;UDINT;0.63.0
2012;EnDat 2.2 protocol supported;BOOL;0.64.0
2013;Identification number;UINT;0.65.0
2014;Serial number;UINT;0.66.0
2016;Standardised position;DINT;0.68.0
2017;Delay compensation;UDINT;0.69.0
2018;Order number;UDINT;0.70.0
2019;Order code;STRING(50);0.71.0
2020;Major version servo drive;STRING(2);0.73.0
2021;Serial number;STRING(5);0.79.0
2032;Status LED;UINT;0.160.0
2033;Power LED;UINT;0.161.0
2034;Safety LED;UINT;0.162.0
2035;Application LED;UINT;0.163.0
2040;Debug variable index 0;REAL;0.190.0
2041;Debug variable index 1;REAL;0.191.0
2042;Debug variable index 2;REAL;0.192.0
2043;Debug variable index 3;REAL;0.193.0
2044;Debug variable index 4;REAL;0.194.0
2045;Debug variable index 5;REAL;0.195.0
2046;Debug variable index 6;REAL;0.196.0
2047;Debug variable index 7;REAL;0.197.0
2048;Debug variable index 8;REAL;0.198.0
2049;Debug variable index 9;REAL;0.199.0
2058;Serial number;UDINT;0.246.0
2059;MAC address;USINT;0.247.0
2060;MAC address;USINT;0.248.0
2061;MAC address;USINT;0.249.0
2062;Material number control unit;UDINT;0.250.0
2063;Order code control unit;STRING(50);0.251.0
2064;Major version control unit;STRING(2);0.253.0
2065;Compatibility index control unit;UINT;0.254.0
2071;Material number: safety module;UDINT;0.260.0
2072;Order code safety module;STRING(50);0.261.0
2073;Major version safety module;STRING(2);0.263.0
2074;Compatibility index safety module;UINT;0.264.0
2075;MAC address;USINT;0.265.0
2076;Serial number control unit;STRING(9);0.266.0
2077;Serial number safety module;STRING(9);0.267.0
2079;Control unit data set ID;UDINT;0.269.0
2081;Diagnostic device status;UINT;0.300.0
2082;Diagnostic axis status;UINT;0.301.0
2083;Diagnostic axis status;UINT;0.301.1
2084;Diagnostic response axis;UINT;0.302.0
2085;Diagnostic response axis;UINT;0.302.1
2086;Maximum number of components in the message buffer;UDINT;0.303.0
2087;Actual number of components in the message buffer;UDINT;0.304.0
2113;Trace type;UDINT;0.340.0
2114;Trigger type;UDINT;0.341.0
2118;Standardised encoder position;LINT;0.440.0
2119;Standardised encoder position;LINT;0.440.1
2128;Number of periods;UDINT;0.445.0
2129;Number of periods;UDINT;0.445.1
2148;Actual value DC link voltage;REAL;0.480.0
2153;Diagnostic category: Undervoltage in DC link;UINT;0.487.0
2154;Storage option: Undervoltage in DC link;USINT;0.488.0
2155;Diagnostic category;UINT;0.489.0
2156;Load voltage peak value;REAL;0.490.0
2157;Load voltage root mean square value;REAL;0.491.0
2158;Actual rectified load voltage value;REAL;0.492.0
2159;Lower load voltage limit value;REAL;0.493.0
2160;Upper load voltage limit value;REAL;0.494.0
2161;Actual load voltage frequency value;REAL;0.495.0
2162;Diagnostic category: No load voltage;UINT;0.501.0
2163;Storage option: No load voltage;USINT;0.502.0
2164;Diagnostic category: Load voltage interruption detected;UINT;0.503.0
2165;Storage option: Load voltage interruption detected;USINT;0.504.0
2166;Diagnostic category: Overvoltage in load voltage;UINT;0.517.0
2168;Diagnostic category: Undervoltage in load voltage;UINT;0.519.0
2169;Supply voltage 24 V logic;REAL;0.520.0
2173;Data trace status;UDINT;0.556.0
2174;Trace delay;DINT;0.557.0
2175;Recording length;UDINT;0.558.0
2176;Down sampling factor;UDINT;0.559.0
2180;Number of parameter sets;UDINT;0.571.0
2186;Encoder temperature sensor;UDINT;0.610.0
2187;external temperature sensor;UDINT;0.611.0
2190;Supply voltage for EnDat 2.1;REAL;0.615.0
2191;Standardised encoder position;LINT;0.640.0
2201;Scaling factor start value pulse energy monitoring braking resistor;REAL;0.650.0
2202;Limit value pulse energy monitoring braking resistor;REAL;0.651.0
2203;Scaling factor maximum value after switching on;REAL;0.652.0
2204;Actual value pulse energy monitoring braking resistor;REAL;0.653.0
2205;Actual value pulse energy monitoring braking resistor (standardised);REAL;0.654.0
2206;Scaling factor warning limit pulse energy monitoring braking resistor;REAL;0.655.0
2207;Actual value power dissipation braking resistor;REAL;0.656.0
2209;Activate of external braking resistor;BOOL;0.658.0
2210;Status selected braking resistor;BOOL;0.659.0
2211;PWM frequency selection;UDINT;0.670.0
2215;Product key;STRING(15);0.710.0
2216;Product key;STRING(15);0.710.1
2217;Order code;STRING(32);0.711.0
2218;Order code;STRING(32);0.711.1
2219;Material number;UDINT;0.712.0
2220;Material number;UDINT;0.712.1
2221;Serial number;STRING(20);0.713.0
2222;Serial number;STRING(20);0.713.1
2223;Pole pairs;UDINT;0.717.0
2224;Pole pairs;UDINT;0.717.1
2225;Minor version servo drive;UINT;0.739.0
2234;Compatibility index servo drive;UINT;0.748.0
2235;Test number;STRING(9);0.790.0
2236;Product key;STRING(15);0.791.0
2238;Diagnostic category: Failure of fieldbus synchronisation signal;UINT;0.801.0
2239;Storage option: Failure of fieldbus synchronisation signal;USINT;0.802.0
2241;Project name;STRING(41);0.900.0
2242;Project description;STRING(161);0.901.0
2243;Device name;STRING(128);0.902.0
2244;Device description;STRING(161);0.903.0
2246;Temperature power output stage;REAL;0.920.0
2247;Temperature status power output stage;DINT;0.921.0
2248;Diagnostic category: Warning threshold: Insufficient temperature in power unit;UINT;0.922.0
2249;Storage option: Warning threshold: Insufficient temperature in power unit;USINT;0.923.0
2252;Diagnostic category: Warning threshold: Power unit overtemperature;UINT;0.926.0
2253;Storage option: Warning threshold: Power unit overtemperature;USINT;0.927.0
2256;Temperature servo drive;REAL;0.930.0
2257;Status temperature servo drive;DINT;0.931.0
2258;Diagnostic category: Warning threshold: Insufficient temperature in device;UINT;0.932.0
2259;Storage option: Warning threshold: Insufficient temperature in device;USINT;0.933.0
2262;Diagnostic category: Warning threshold: Device overtemperature;UINT;0.936.0
2263;Storage option: Warning threshold: Device overtemperature;USINT;0.937.0
2266;Firmware version;STRING(30);0.960.0
2267;Major Version Firmware;UDINT;0.961.0
2268;Minor Version Firmware;UDINT;0.962.0
2269;Patch Version Firmware;UDINT;0.963.0
2270;Build Version Firmware;UDINT;0.964.0
2271;Firmware status;UDINT;0.965.0
2272;Actual firmware slot;UDINT;0.966.0
2281;Fan switch-on threshold;REAL;0.1003.0
2282;Maximum temperature at maximum fan rpm;REAL;0.1004.0
2289;Value analog input 0;REAL;0.1100.0
2306;Scaled value analog input sine track 1;REAL;0.1190.0
2307;Resolution per rotation;UDINT;0.1250.0
2308;Maximum multi-turn revolutions;UDINT;0.1251.0
2309;Single-turn position;UDINT;0.1252.0
2310;Multi-turn counter;UDINT;0.1253.0
2312;Identification number;UINT;0.1255.0
2313;Serial number;UINT;0.1256.0
2315;Standardised position;DINT;0.1258.0
2316;Delay compensation;UDINT;0.1259.0
2318;Operating hour counter;REAL;0.1423.0
2332;Major version safety module data set;STRING(2);0.2201.0
2333;Minor version safety module data set;UINT;0.2202.0
2334;Minor version safety module;UINT;0.2203.0
2335;Major version communication data set;STRING(2);0.2204.0
2336;Minor version communication data set;UINT;0.2205.0
2339;Major version control unit data set;STRING(2);0.2208.0
2340;Minor version control unit data set;UINT;0.2209.0
2341;Minor version control unit;UINT;0.2212.0
2342;Major version device data set;STRING(2);0.2213.0
2343;Minor version device data set;UINT;0.2214.0
2408;Commutation angle from user configuration;LINT;0.3219.0
2409;Commutation angle from user configuration;LINT;0.3219.1
2410;Actual commutation angle;LINT;0.3220.0
2411;Actual commutation angle;LINT;0.3220.1
2412;Zero point offset from encoder memory;LINT;0.3221.0
2413;Zero point offset from encoder memory;LINT;0.3221.1
2414;Zero point offset from user configuration;LINT;0.3223.0
2415;Zero point offset from user configuration;LINT;0.3223.1
2416;Actual zero point offset;LINT;0.3224.0
2417;Actual zero point offset;LINT;0.3224.1
2418;Encoder referencing is valid;BOOL;0.3225.0
2419;Encoder referencing is valid;BOOL;0.3225.1
2420;Referencing in user configuration is valid;BOOL;0.3226.0
2421;Referencing in user configuration is valid;BOOL;0.3226.1
2422;Actual referencing is valid;BOOL;0.3227.0
2423;Actual referencing is valid;BOOL;0.3227.1
2424;Valid commutation angle from encoder memory;BOOL;0.3228.0
2425;Valid commutation angle from encoder memory;BOOL;0.3228.1
2426;Valid commutation angle from user configuration;BOOL;0.3229.0
2427;Valid commutation angle from user configuration;BOOL;0.3229.1
2428;Actual commutation angle valid;BOOL;0.3230.0
2429;Actual commutation angle valid;BOOL;0.3230.1
2434;Electrical angular frequency filtered;REAL;0.3234.0
2435;Electrical angular frequency filtered;REAL;0.3234.1
2438;Activate compatible motor change;BOOL;0.3236.0
2439;Activate compatible motor change;BOOL;0.3236.1
2440;Encoder permanently homed;BOOL;0.3237.0
2441;Encoder permanently homed;BOOL;0.3237.1
2442;Material number motor reference configuration;UDINT;0.3238.0
2443;Material number motor reference configuration;UDINT;0.3238.1
2444;Serial number motor reference configuration;STRING(13);0.3239.0
2445;Serial number motor reference configuration;STRING(13);0.3239.1
2446;Product key motor reference configuration;STRING(15);0.3240.0
2447;Product key motor reference configuration;STRING(15);0.3240.1
2466;Activation automatic encoder detection;BOOL;0.3250.0
2467;Activation automatic encoder detection;BOOL;0.3250.1
2468;Selection gear ratio group;USINT;0.3251.0
2469;Selection gear ratio group;USINT;0.3251.1
2477;Actual trace status;UDINT;0.3400.0
2478;Actual trigger status;UDINT;0.3401.0
2479;Actual trace type code;UDINT;0.3402.0
2484;Encoder voltage;REAL;0.4412.0
2485;Encoder voltage;REAL;0.4412.1
2490;Sin/Cos vector length;REAL;0.4415.0
2491;Sin/Cos vector length;REAL;0.4415.1
2492;Vector length monitoring minimum;REAL;0.4416.0
2493;Vector length monitoring minimum;REAL;0.4416.1
2494;Vector length monitoring maximum;REAL;0.4417.0
2495;Vector length monitoring maximum;REAL;0.4417.1
2500;Encoder supply voltage monitoring window;REAL;0.4420.0
2501;Encoder supply voltage monitoring window;REAL;0.4420.1
2530;Status brake chopper;BOOL;0.4801.0
2531;Status pre-load relay;BOOL;0.4802.0
2533;Warning threshold DC link voltage;REAL;0.4811.0
2534;Switch-on threshold brake chopper;REAL;0.4812.0
2535;Upper limit value DC link voltage;REAL;0.4813.0
2536;Lower limit value DC link voltage;REAL;0.4814.0
2537;Status of DC link charge;UDINT;0.4815.0
2538;Activation rapid discharge DC link;BOOL;0.4816.0
2539;Brake chopper threshold actual value;REAL;0.4817.0
2544;Storage option: Rapid discharge not possible;USINT;0.4881.0
2545;Diagnostic category: Rapid discharge not possible;UINT;0.4882.0
2546;Storage option: DC link warning threshold reached;USINT;0.4890.0
2549;Status load voltage;BOOL;0.4995.0
2550;Diagnostic category: Phase failure in load voltage;UINT;0.5111.0
2551;Storage option: Phase failure in load voltage;USINT;0.5112.0
2552;Activation DC voltage supply;BOOL;0.5113.0
2553;Storage option: Undervoltage in load voltage;USINT;0.5180.0
2578;Trace channel;BOOL;0.5500.0
2579;Axis ID trace data;UINT;0.5501.0
2580;Data ID trace data;UDINT;0.5502.0
2581;Data instance ID trace data;UINT;0.5503.0
2582;Array ID trace data;UINT;0.5504.0
2583;Status Trace channel;BOOL;0.5505.0
2584;Actual axis ID trace data;UINT;0.5506.0
2585;Actual data ID trace data;UDINT;0.5507.0
2586;Actual data instance ID trace data;UINT;0.5508.0
2587;Actual array ID trace data;UINT;0.5509.0
2588;Actual pre-trigger;DINT;0.5513.0
2589;Actual recording length;UDINT;0.5514.0
2590;Actual downsampling factor;UDINT;0.5515.0
2591;Maximum recording length;UDINT;0.5516.0
2592;Basic sampling interval;REAL;0.5517.0
2593;Timestamp End trace;LINT;0.5518.0
2605;Storage option: Parameter not writable;USINT;0.5709.0
2607;Storage option: Transmission error in parameter set;USINT;0.5711.0
2609;Storage option: Parameter set: store failed;USINT;0.5713.0
2611;Storage option: Parameter set: delete failed;USINT;0.5715.0
2615;Storage option: Store device failed;USINT;0.5719.0
2617;Storage option: Factory parameter set not found;USINT;0.5721.0
2619;Storage option: Factory parameter set invalid;USINT;0.5723.0
2621;Storage option: Factory parameter set incompatible;USINT;0.5725.0
2623;Storage option: Factory parameter not found;USINT;0.5727.0
2624;Parameter set status;UDINT;0.5728.0
2625;Start-up parameter set;DINT;0.5729.0
2626;Active parameter set;DINT;0.5730.0
2640;Compatibility index firmware;STRING(100);0.5773.0
2645;Selection of sync mode;UDINT;0.5812.0
2646;Axis ID data trigger;UINT;0.6000.0
2647;Data ID data trigger;UDINT;0.6001.0
2648;Data instance ID data trigger;UINT;0.6002.0
2649;Array ID data trigger;UINT;0.6003.0
2650;Trigger event;UDINT;0.6004.0
2651;Actual axis ID data trigger;UINT;0.6006.0
2652;Actual data ID data trigger;UDINT;0.6007.0
2653;Actual data instance ID data trigger;UINT;0.6008.0
2654;Actual array ID data trigger;UINT;0.6009.0
2655;Actual data trigger type;UDINT;0.6010.0
2656;Actual trigger threshold;LINT;0.6013.0
2659;Number of sine and cosine periods per revolution;UDINT;0.6412.0
2660;Digital single-turn resolution per rotation;UDINT;0.6413.0
2661;Resolution multi-turn rotation;UDINT;0.6414.0
2662;Multi-turn encoder;BOOL;0.6415.0
2663;Available encoder memory;UDINT;0.6416.0
2664;Encoder serial number;STRING(10);0.6417.0
2665;Encoder firmware version;STRING(21);0.6418.0
2666;Date of the firmware version;STRING(9);0.6419.0
2667;Encoder type;USINT;0.6420.0
2668;Encoder position;UDINT;0.6421.0
2674;Hiperface protocol error register;USINT;0.6427.0
2679;Supply voltage encoder;REAL;0.6432.0
2680;Vector length sine and cosine;REAL;0.6438.0
2681;Lower limit value vector length monitoring;REAL;0.6439.0
2682;Upper limit value vector length monitoring;REAL;0.6440.0
2685;Encoder supply voltage monitoring window;REAL;0.6443.0
2700;Resistance value external braking resistor;REAL;0.6510.0
2701;Nominal value of the power dissipation external braking resistor;REAL;0.6511.0
2702;Limit value pulse energy monitoring external braking resistor;REAL;0.6512.0
2703;Diagnostic category: Warning: pulse energy monitoring, braking resistor;UINT;0.6513.0
2704;Storage option: Warning: pulse energy monitoring, braking resistor;USINT;0.6514.0
2705;Diagnostic category: Error: pulse energy monitoring, braking resistor;UINT;0.6515.0
2706;Storage option: Error: pulse energy monitoring, braking resistor;USINT;0.6516.0
2707;Diagnostic category: Parameterisation braking resistor;UINT;0.6517.0
2712;Status of error bits from protocol;UINT;0.6913.0
2713;EnDat 2.1 supply voltage monitoring window;REAL;0.6914.0
2714;Number of CRC errors;UDINT;0.6915.0
2720;Error code EnDat 2.1;UINT;0.6921.0
2721;Motor inertia;REAL;0.7110.0
2722;Motor inertia;REAL;0.7110.1
2723;Phase sequence;BOOL;0.7113.0
2724;Phase sequence;BOOL;0.7113.1
2725;Nominal current;REAL;0.7116.0
2726;Nominal current;REAL;0.7116.1
2727;Maximum current;REAL;0.7119.0
2728;Maximum current;REAL;0.7119.1
2729;Maximum rpm;REAL;0.7122.0
2730;Maximum rpm;REAL;0.7122.1
2731;Nominal rotary velocity;REAL;0.7125.0
2732;Nominal rotary velocity;REAL;0.7125.1
2733;Winding inductance;REAL;0.7128.0
2734;Winding inductance;REAL;0.7128.1
2735;Winding resistance;REAL;0.7131.0
2736;Winding resistance;REAL;0.7131.1
2737;Torque constant;REAL;0.7134.0
2738;Torque constant;REAL;0.7134.1
2739;Time constant I²t;REAL;0.7143.0
2740;Time constant I²t;REAL;0.7143.1
2741;Winding temperature;REAL;0.7146.0
2742;Winding temperature;REAL;0.7146.1
2743;Nominal motor voltage;REAL;0.7149.0
2744;Nominal motor voltage;REAL;0.7149.1
2745;Major version hardware;STRING(2);0.7150.0
2746;Major version hardware;STRING(2);0.7150.1
2747;Minor version hardware;UINT;0.7151.0
2748;Minor version hardware;UINT;0.7151.1
2749;Temperature sensor;UDINT;0.7152.0
2750;Temperature sensor;UDINT;0.7152.1
2751;Temperature sensor characteristic;REAL;0.7155.0
2752;Temperature sensor characteristic;REAL;0.7155.1
2753;Holding brake;BOOL;0.7158.0
2754;Holding brake;BOOL;0.7158.1
2755;Switch-on delay holding brake 1;REAL;0.7161.0
2756;Switch-on delay holding brake 1;REAL;0.7161.1
2757;Switch-off delay holding brake 1;REAL;0.7164.0
2758;Switch-off delay holding brake 1;REAL;0.7164.1
2759;Continuous current;REAL;0.7181.0
2760;Continuous current;REAL;0.7181.1
2761;Encoder data set ID;UDINT;0.7183.0
2762;Encoder data set ID;UDINT;0.7183.1
2763;Major version motor data set;STRING(2);0.7186.0
2764;Major version motor data set;STRING(2);0.7186.1
2765;Minor version motor data set;UINT;0.7187.0
2766;Minor version motor data set;UINT;0.7187.1
2767;Lq inductance;REAL;0.7428.0
2768;Lq inductance;REAL;0.7428.1
2769;Ld inductance;REAL;0.7429.0
2770;Ld inductance;REAL;0.7429.1
2771;Motor type;USINT;0.7430.0
2772;Motor type;USINT;0.7430.1
2773;Actual time without synchronisation;LINT;0.7534.0
2774;Actual time with synchronisation;LINT;0.7535.0
2784;Test user 10;USINT;0.9303.0
2785;Test user 20;USINT;0.9304.0
2786;Test user 30;USINT;0.9305.0
2787;Test user 40;USINT;0.9306.0
2788;Test user 50;USINT;0.9307.0
2791;Upper limit value of warning threshold servo drive temperature;REAL;0.9310.0
2792;Upper limit value servo drive temperature;REAL;0.9311.0
2793;Lower limit value of warning threshold servo drive temperature;REAL;0.9312.0
2794;Lower limit value servo drive temperature;REAL;0.9313.0
2795;Upper limit value warning threshold power output stage temperature;REAL;0.9314.0
2796;Upper limit value power output stage temperature;REAL;0.9315.0
2797;Lower limit value warning threshold power output stage temperature;REAL;0.9316.0
2798;Lower limit value power output stage temperature;REAL;0.9317.0
2799;Actual upper limit value of warning threshold servo drive temperature;REAL;0.9318.0
2800;Actual upper limit value servo drive temperature;REAL;0.9319.0
2801;Actual lower limit value warning threshold servo drive temperature;REAL;0.9320.0
2802;Actual lower limit value servo drive temperature;REAL;0.9321.0
2803;Actual upper limit value warning threshold power output stage temperature;REAL;0.9322.0
2804;Actual upper limit value power output stage temperature;REAL;0.9323.0
2805;Actual lower limit value warning threshold power output stage temperature;REAL;0.9324.0
2806;Actual lower limit value power output stage temperature;REAL;0.9325.0
2807;Firmware package version;STRING(30);0.9550.0
2808;Major version firmware package;UDINT;0.9560.0
2809;Minor version firmware package;UDINT;0.9570.0
2810;Patch version firmware package;UDINT;0.9580.0
2811;Build version firmware package;UDINT;0.9590.0
2813;Storage option: Writing of firmware failed;USINT;0.9601.0
2815;Storage option: Reading of firmware failed;USINT;0.9603.0
2817;Storage option: Firmware invalid;USINT;0.9605.0
2819;Storage option: Firmware incompatible;USINT;0.9607.0
2821;Storage option: Firmware save location invalid;USINT;0.9609.0
2823;Storage option: Firmware save location empty;USINT;0.9611.0
2825;Storage option: Firmware update not allowed;USINT;0.9613.0
2827;Storage option: Firmware package in use;USINT;0.9615.0
2837;Encoder resolution;UINT;0.10040.0
2838;Encoder resolution;UINT;0.10040.1
2839;Encoder resolution;UINT;0.10040.2
2840;Raw value position;UINT;0.10041.0
2841;Raw value position;UINT;0.10041.1
2842;Raw value position;UINT;0.10041.2
2843;Raw value number of revolutions;INT;0.10042.0
2844;Raw value number of revolutions;INT;0.10042.1
2845;Raw value number of revolutions;INT;0.10042.2
2852;Supply voltage encoder;REAL;0.10046.0
2853;Supply voltage encoder;REAL;0.10046.1
2854;Supply voltage encoder;REAL;0.10046.2
2855;Encoder supply voltage monitoring window;REAL;0.10049.0
2856;Encoder supply voltage monitoring window;REAL;0.10049.1
2857;Encoder supply voltage monitoring window;REAL;0.10049.2
2861;Filter time constant quadrature evaluation;UDINT;0.10051.0
2867;Lower limit value encoder monitoring voltage;REAL;0.10053.0
2868;Lower limit value encoder monitoring voltage;REAL;0.10053.1
2869;Lower limit value encoder monitoring voltage;REAL;0.10053.2
2870;Maximum transverse mode voltage;REAL;0.10054.0
2871;Maximum transverse mode voltage;REAL;0.10054.1
2872;Maximum transverse mode voltage;REAL;0.10054.2
2888;Device interface X1A status;UDINT;0.10151.0
2889;Device interface X1C status;UDINT;0.10152.0
2890;Internal interface status;UDINT;0.10153.0
2891;Exception Count;UDINT;0.10300.0
2892;Exception Type;UDINT;0.10301.0
2894;Error Code;UDINT;0.10303.0
2896;Reg R14ex;UDINT;0.10305.0
2908;Servo drive initialisation status;UDINT;0.10320.0
2909;Status ReInit;UDINT;0.10321.0
2910;Status ReInit requested;BOOL;0.10322.0
2911;Status ReInit active;BOOL;0.10323.0
2912;Status ReInit device restart;BOOL;0.10324.0
2916;Storage option: Task ignored as reinitialisation not possible;USINT;0.10328.0
2917;Number ReInit requests;UDINT;0.10329.0
2918;Number activated ReInit;UDINT;0.10330.0
2928;Digital input X1A.13;UDINT;0.11301.0
2929;Digital input X1A.14;UDINT;0.11302.0
2930;Digital output X1A.15;UDINT;0.11303.0
2931;Digital output X1A.16;UDINT;0.11304.0
2932;Digital input X1A.18;UDINT;0.11305.0
2933;Digital input X1C.6;UDINT;0.11306.0
2934;Digital input X1C.7;UDINT;0.11307.0
2937;Standardised encoder position;LINT;0.11600.0
2938;Standardised encoder position;LINT;0.11600.1
2939;Absolute position in user units;LINT;0.11601.0
2940;Absolute position in user units;LINT;0.11601.1
2941;Actual Velocity in user units;REAL;0.11602.0
2942;Actual Velocity in user units;REAL;0.11602.1
2943;Filtered velocity in user units;REAL;0.11603.0
2944;Filtered velocity in user units;REAL;0.11603.1
2945;Electrical angle;UDINT;0.11604.0
2946;Electrical angle;UDINT;0.11604.1
2947;Electrical angular frequency;REAL;0.11605.0
2948;Electrical angular frequency;REAL;0.11605.1
2953;Commutation angle from encoder memory;LINT;0.11608.0
2954;Commutation angle from encoder memory;LINT;0.11608.1
2967;Actual position;LINT;0.11615.0
2968;Actual position;LINT;0.11615.1
2969;Encoder selection;UDINT;0.11616.0
2970;Encoder selection;UDINT;0.11616.1
2971;Active encoder;UDINT;0.11617.0
2972;Active encoder;UDINT;0.11617.1
2973;Velocity filter filter time constant;REAL;0.11618.0
2974;Velocity filter filter time constant;REAL;0.11618.1
2989;Activation commutation angle transfer (CMMP type plate);BOOL;0.11626.0
2990;Activation commutation angle transfer (CMMP type plate);BOOL;0.11626.1
2991;Activate DHCP;BOOL;0.12000.0
2992;Activate DHCP;BOOL;0.12000.1
2993;IP address;UDINT;0.12001.0
2994;IP address;UDINT;0.12001.1
2995;Subnet mask;UDINT;0.12002.0
2996;Subnet mask;UDINT;0.12002.1
2997;Gateway address;UDINT;0.12003.0
2998;Gateway address;UDINT;0.12003.1
2999;Active IP address;UDINT;0.12004.0
3000;Active IP address;UDINT;0.12004.1
3001;Active subnet mask;UDINT;0.12005.0
3002;Active subnet mask;UDINT;0.12005.1
3003;Active gateway address;UDINT;0.12006.0
3004;Active gateway address;UDINT;0.12006.1
3005;MAC address;USINT;0.12007.0
3006;MAC address;USINT;0.12007.1
3007;Activate keep-alive-signal;BOOL;0.12008.0
3008;Keep-alive-signal wait time;UDINT;0.12009.0
3009;Keep-alive-signal repeat time;UDINT;0.12010.0
3010;Maximum number of repetitions;UDINT;0.12011.0
3011;Active connection access;UINT;0.12012.0
3012;Maximum connection access;UINT;0.12013.0
3013;Connection active;BOOL;0.12014.0
3014;Connection active;BOOL;0.12014.1
3015;Connection ID;UDINT;0.12015.0
3016;Connection ID;UDINT;0.12015.1
3017;Host IP address;UDINT;0.12016.0
3018;Host IP address;UDINT;0.12016.1
3019;Port host;UINT;0.12017.0
3020;Port host;UINT;0.12017.1
3021;Encoder temperature sensor;UDINT;0.12510.0
3022;external temperature sensor;UDINT;0.12511.0
3025;Supply voltage for EnDat 2.2;REAL;0.12514.0
3046;Sync trigger detected;BOOL;0.20812.0
3047;PLL locked;BOOL;0.20813.0
3050;Load voltage frequency minimum;REAL;0.28140.0
3051;Load voltage frequency maximum;REAL;0.28150.0
3052;Actual lower limit value load voltage;REAL;0.28151.0
3053;Actual upper limit value load voltage;REAL;0.28152.0
3057;Sync Time;REAL;0.31235.0
3061;Status PROFINET request;DINT;0.54543.0
3062;Active status PROFINET;DINT;0.54544.0
3063;Actual value filtered DC link voltage;REAL;0.56783.0
3064;Status DC link management;DINT;0.56798.0
3065;Actual warning threshold DC link voltage;REAL;0.56799.0
3066;Actual upper limit value DC link voltage;REAL;0.56800.0
3067;Actual lower limit value DC link voltage;REAL;0.56801.0
3068;Actual switch-on threshold brake chopper;REAL;0.56802.0
3070;Storage option: DC relay does not open;USINT;0.56804.0
3071;Trigger level;LINT;0.60012.0
3072;Bit mask data trigger;ULINT;0.60013.0
3073;Actual acceleration value unfiltered;REAL;0.71500.0
3074;Actual acceleration value unfiltered;REAL;0.71500.1
3075;Actual acceleration value filtered;REAL;0.71501.0
3076;Actual acceleration value filtered;REAL;0.71501.1
3077;Filter time constant acceleration filter;REAL;0.71502.0
3078;Filter time constant acceleration filter;REAL;0.71502.1
3082;Message counter;UDINT;0.100501.0
3083;Actual file pointer;UDINT;0.100502.0
3084;Actual file size;UDINT;0.100503.0
3086;Storage option: Diagnostics log file has invalid format;USINT;0.100505.0
3088;Storage option: Loss of messages from diagnostics log;USINT;0.100509.0
3089;Actual indicator in the message buffer;UDINT;0.100510.0
3106;Storage option: CDSB display file faulty;USINT;0.100704.0
3110;Storage option: JSON display description for CDSB too large;USINT;0.100708.0
3112;Storage option: SPI communication too slow;USINT;0.100710.0
3113;Time monitoring CDSB IDLE;REAL;0.100711.0
3114;Actual encoder supply voltage setpoint value;REAL;0.101400.0
3115;Actual encoder supply voltage setpoint value;REAL;0.101400.1
3116;Actual encoder supply voltage;REAL;0.101401.0
3117;Actual encoder supply voltage;REAL;0.101401.1
3118;Actual encoder sense line supply voltage;REAL;0.101402.0
3119;Actual encoder sense line supply voltage;REAL;0.101402.1
3120;Activate sense line evaluation;BOOL;0.101403.0
3121;Activate sense line evaluation;BOOL;0.101403.1
3122;Encoder supply voltage monitoring status;DINT;0.101404.0
3123;Encoder supply voltage monitoring status;DINT;0.101404.1
3124;Encoder sense line supply voltage monitoring status;DINT;0.101405.0
3125;Encoder sense line supply voltage monitoring status;DINT;0.101405.1
3126;Actual monitoring window;REAL;0.101406.0
3127;Actual monitoring window;REAL;0.101406.1
3128;Activate encoder supply voltage correction;BOOL;0.101407.0
3129;Activate encoder supply voltage correction;BOOL;0.101407.1
3134;Actual supply voltage controller value;REAL;0.101410.0
3135;Actual supply voltage controller value;REAL;0.101410.1
3140;Axis ID diagnostic trace;UINT;0.103100.0
3141;Diagnostics ID diagnostic trace;UDINT;0.103101.0
3142;Data instance ID diagnostic trace;UINT;0.103102.0
3143;Actual axis ID diagnostic trace;UINT;0.103103.0
3144;Actual diagnostics ID diagnostic trace;UDINT;0.103104.0
3145;Actual data instance ID diagnostic trace;UINT;0.103105.0
3146;Diagnostics trigger;UDINT;0.103106.0
3147;Actual diagnostics trigger;UDINT;0.103107.0
3158;Number diagnostics acknowledgements;UDINT;0.103401.0
3159;Number diagnostics acknowledgements;UDINT;0.103401.1
3160;Single-turn position;UDINT;0.103800.0
3161;Multi-turn position;DINT;0.103801.0
3162;Standardised encoder position;LINT;0.103802.0
3163;Resolution per rotation;UDINT;0.103803.0
3164;Resolution multi-turn turns;UDINT;0.103804.0
3165;Multi-turn encoder detected;BOOL;0.103805.0
3166;Supply voltage encoder;REAL;0.103806.0
3167;Encoder supply voltage monitoring window;REAL;0.103807.0
3172;Number CRC errors;UDINT;0.103812.0
3173;Temperature (encoder protocol);REAL;0.103815.0
3176;Activation supply voltage monitoring;BOOL;0.103818.0
3183;Error Single-turn position to multi-turn position;BOOL;0.103825.0
3184;Error single-turn;BOOL;0.103826.0
3185;Error velocity limit exceeded;BOOL;0.103827.0
3186;Error Battery undervoltage;BOOL;0.103828.0
3187;Error Multi-turn;BOOL;0.103829.0
3188;Error log access;BOOL;0.103830.0
3189;Error Over-temperature;BOOL;0.103831.0
3191;Scaled value analog input cosine track 1;REAL;0.111200.0
3242;Reset device;UINT;0.112901.0
3243;Load factory settings;UINT;0.112902.0
3244;Save the parameter set;UINT;0.112903.0
3248;Status error bits protocol;UINT;0.125913.0
3249;EnDat 2.2 supply voltage monitoring window;REAL;0.125915.0
3250;Number of CRC errors;UDINT;0.125916.0
3251;Error code EnDat 2.2;UINT;0.125917.0
3253;Encoder type;UINT;0.125919.0
3254;Resolution of the linear encoder;UDINT;0.125920.0
3255;Scaling factor load voltage failure monitoring;REAL;0.281520.0
3262;PLL error;REAL;0.526783.0
3263;PLL output;REAL;0.526784.0
3283;Storage option: DC relay does not close;USINT;0.560804.0
3284;Major version bootloader;UDINT;0.1130121.0
3285;Minor version bootloader;UDINT;0.1130122.0
3286;Patch version bootloader;UDINT;0.1130123.0
3287;Build version bootloader;UDINT;0.1130124.0
3288;Version bootloader;STRING(32);0.1130125.0
3291;Activation of variable message function;BOOL;0.1174200.0
3292;Axis ID data trigger;UINT;0.1174201.0
3293;Data ID data trigger;UDINT;0.1174202.0
3294;Data instance ID data trigger;UINT;0.1174203.0
3295;Array ID data trigger;UINT;0.1174204.0
3296;Trigger level MELDW.5;LINT;0.1174205.0
3297;Hysteresis of trigger level;LINT;0.1174206.0
3298;Data trigger damping time;REAL;0.1174207.0
3299;Variable message function status;BOOL;0.1174210.0
3300;Actual axis ID data trigger;UINT;0.1174211.0
3301;Actual data ID data trigger;UDINT;0.1174212.0
3302;Actual data instance ID data trigger;UINT;0.1174213.0
3303;Actual array ID data trigger;UINT;0.1174214.0
3304;Actual trigger level;LINT;0.1174215.0
3305;Actual hysteresis of trigger level;LINT;0.1174216.0
3306;Actual data trigger damping time;REAL;0.1174217.0
3307;Data trigger status;BOOL;0.1174220.0
3312;ID reintialisation;UDINT;0.11280019.0
3313;URL address;STRING(20);0.11280052.0
3314;PZD telegram selection;UINT;0.11280201.0
3316;Storage option: Telegram not supported;USINT;0.11280203.0
3317;Maximum number of parameters;UINT;0.11280801.0
3318;Multi-parameter access active;BOOL;0.11280802.0
3320;Name of Station;STRING(241);0.11295001.0
3321;I&M 1 System identification;STRING(33);0.11295002.0
3322;I&M 1 location marking;STRING(23);0.11295003.0
3323;I&M 2 installation date;STRING(17);0.11295004.0
3324;I&M 3 additional name;STRING(55);0.11295005.0
3326;Revision;STRING(10);0.72.0
3327;Resolution single turn;UDINT;0.3601.0
3328;Resolution multi-turn;UDINT;0.3602.0
3329;Single-turn position;UDINT;0.3603.0
3330;Multi-turn numerator;UDINT;0.3604.0
3333;Supply voltage BiSS-C;REAL;0.3607.0
3334;BiSS-C supply voltage monitoring window;REAL;0.3608.0
3338;Baud rate;UDINT;0.3612.0
3339;Activation of correction table;BOOL;0.3613.0
3343;Activation read out extended encoder data;BOOL;0.3618.0
3352;DC link recovery deactivation;REAL;0.10181.0
3353;DC link recovery status;BOOL;0.10182.0
3354;DC link recovery;BOOL;0.10183.0
3355;Activate automatic voltage determination;BOOL;0.10184.0
3356;Switch-off threshold power feedback;REAL;0.10185.0
3357;Scaling factor offset of voltage calculation;REAL;0.10186.0
3364;Digital input X1A.7;UDINT;0.11201.0
3365;Digital input X1A.8;UDINT;0.11202.0
3366;Digital output X1A.9;UDINT;0.11203.0
3367;Digital output X1A.10;UDINT;0.11204.0
3368;Digital input X1C.2;UDINT;0.11205.0
3371;Web server activation;BOOL;0.11280051.0
3373;Storage option: Parameter set with older version;USINT;0.5781.0
3375;Storage option: Parameter set with newer version;USINT;0.5783.0
3376;Actually most serious error;UDINT;0.315.0
3377;Actually most serious error;UDINT;0.315.1
3378;Activation inversion zero pulse;BOOL;0.10045.0
3379;Activation inversion zero pulse;BOOL;0.10045.1
3380;Activation inversion zero pulse;BOOL;0.10045.2
3381;Zero pulse monitoring window;UINT;0.10047.0
3382;Zero pulse monitoring window;UINT;0.10047.1
3383;Zero pulse monitoring window;UINT;0.10047.2
3384;Storage option: Number of increments between two zero pulses invalid;USINT;0.10060.0
3385;Storage option: Number of increments between two zero pulses invalid;USINT;0.10060.1
3386;Storage option: Number of increments between two zero pulses invalid;USINT;0.10060.2
3387;Diagnostic category: Number of increments between two zero pulses invalid;UINT;0.10061.0
3388;Diagnostic category: Number of increments between two zero pulses invalid;UINT;0.10061.1
3389;Diagnostic category: Number of increments between two zero pulses invalid;UINT;0.10061.2
3390;PLL Sync Timeout;REAL;0.526785.0
3397;Diagnostic category: Failure of synchronization signal Fieldbus;UINT;0.54545.0
3398;Storage option: Failure of synchronization signal Fieldbus;USINT;0.54546.0
3399;Diagnostic category: Invalid parameterization variable message function;UINT;0.1174230.0
3400;Storage option: Invalid parameterization variable message function;USINT;0.1174231.0
3401;Extended process data;UINT;0.11280204.0
3402;Active telegrams;UINT;0.11280210.0
3403;Status word Object 0x60FE;UINT;0.11310.0
3404;Denominator pole pairs;UDINT;0.7171.0
3405;Denominator pole pairs;UDINT;0.7171.1
3423;Commutation angle from user configuration;LINT;0.3219.2
3424;Actual commutation angle;LINT;0.3220.2
3425;Zero point offset from encoder memory;LINT;0.3221.2
3426;Zero point offset from user configuration;LINT;0.3223.2
3427;Actual zero point offset;LINT;0.3224.2
3428;Encoder referencing is valid;BOOL;0.3225.2
3429;Referencing in user configuration is valid;BOOL;0.3226.2
3430;Actual referencing is valid;BOOL;0.3227.2
3431;Valid commutation angle from encoder memory;BOOL;0.3228.2
3432;Valid commutation angle from user configuration;BOOL;0.3229.2
3433;Actual commutation angle valid;BOOL;0.3230.2
3436;Electrical angular frequency filtered;REAL;0.3234.2
3438;Activate compatible motor change;BOOL;0.3236.2
3439;Encoder permanently homed;BOOL;0.3237.2
3440;Material number motor reference configuration;UDINT;0.3238.2
3441;Serial number motor reference configuration;STRING(13);0.3239.2
3442;Product key motor reference configuration;STRING(15);0.3240.2
3452;Activation automatic encoder detection;BOOL;0.3250.2
3453;Selection gear ratio group;USINT;0.3251.2
3454;Standardised encoder position;LINT;0.11600.2
3455;Absolute position in user units;LINT;0.11601.2
3456;Actual Velocity in user units;REAL;0.11602.2
3457;Filtered velocity in user units;REAL;0.11603.2
3458;Electrical angle;UDINT;0.11604.2
3459;Electrical angular frequency;REAL;0.11605.2
3462;Commutation angle from encoder memory;LINT;0.11608.2
3469;Actual position;LINT;0.11615.2
3470;Encoder selection;UDINT;0.11616.2
3471;Active encoder;UDINT;0.11617.2
3472;Velocity filter filter time constant;REAL;0.11618.2
3480;Activation commutation angle transfer (CMMP type plate);BOOL;0.11626.2
3481;Actual acceleration value unfiltered;REAL;0.71500.2
3482;Actual acceleration value filtered;REAL;0.71501.2
3483;Filter time constant acceleration filter;REAL;0.71502.2
3487;Maximum number of parameters;UINT;0.303101.0
3488;Multi-parameter access active;BOOL;0.303102.0
3489;Status EtherNet/IP;DINT;0.303302.0
3490;Telegram selection;UINT;0.3030101.0
3491;Extended process data (EtherNet/IP);BOOL;0.3030104.0
3492;Storage option: Invalid encoder resolution;USINT;0.179.0
3493;Storage option: Invalid encoder resolution;USINT;0.179.1
3494;Storage option: Invalid encoder resolution;USINT;0.179.2
3495;Diagnostic category: Invalid encoder resolution;UINT;0.181.0
3496;Diagnostic category: Invalid encoder resolution;UINT;0.181.1
3497;Diagnostic category: Invalid encoder resolution;UINT;0.181.2
3498;Linear measuring system active;BOOL;0.100000.0
3499;Exponent number of periods;USINT;0.100001.0
3500;Storage option: Maximum write cycles reached;USINT;0.203.0
3501;Diagnostic category: Maximum write cycles reached;UINT;0.205.0
3502;Enabled Memory access EEProm;BOOL;0.100025.0
3503;Number of memory access EEProm;UDINT;0.100026.0
3504;Switching threshold Diagnostic message;UDINT;0.100027.0
3505;Maximum write accesses ;UDINT;0.666.0
3506;IRT Output time;REAL;0.31236.0
3507;IRT Input time;REAL;0.31237.0
3508;CACF;UINT;0.31238.0
3509;Activation multi-turn;BOOL;0.100556.0
3510;Activation multi-turn;BOOL;0.100556.1
3511;Activation multi-turn;BOOL;0.100556.2
3512;Encoder serial number;UDINT;0.3625.0
3513;Manufacturer ID BiSS-C;UINT;0.3626.0
3514;Actual encoder ID;ULINT;0.3627.0
3515;Storage option: Input frequency A/B signals too high;USINT;0.101125.0
3516;Storage option: Input frequency A/B signals too high;USINT;0.101125.1
3517;Storage option: Input frequency A/B signals too high;USINT;0.101125.2
3518;Diagnostic category: Input frequency A/B signals too high;UINT;0.101127.0
3519;Diagnostic category: Input frequency A/B signals too high;UINT;0.101127.1
3520;Diagnostic category: Input frequency A/B signals too high;UINT;0.101127.2
3522;Storage option: The requested telegram is not supported;USINT;0.141.0
3523;Diagnostic category: The requested telegram is not supported;UINT;0.144.0
3532;Order code product;STRING(50);0.701.0
3533;EtherCAT state machine state (ESM);UDINT;0.720.0
3534;Sync manager communication type EtherCAT;USINT;0.750.0
3535;Sync manager 0 PDO assignment EtherCAT;USINT;0.751.0
3536;Sync manager 1 PDO assignment EtherCAT;USINT;0.752.0
3542;Diagnostic category: Process data not received at Sync time;UINT;0.758.0
3543;Storage option: Process data not received at Sync time;USINT;0.759.0
3544;Receive PDO number of objects EtherCAT;USINT;0.760.0
3545;Receive PDO Mapped Objects EtherCAT;UDINT;0.761.0
3546;Sync manager x number of assigned PDOs EtherCAT;USINT;0.770.0
3547;Sync manager x number of assigned PDOs EtherCAT;USINT;0.770.1
3548;PDO mapping object index of assigned PDO EtherCAT;UINT;0.771.0
3549;PDO mapping object index of assigned PDO EtherCAT;UINT;0.771.1
3550;Transmit PDO number of objects EtherCAT;USINT;0.880.0
3551;Transmit PDO number of objects EtherCAT;USINT;0.880.1
3552;Transmit PDO number of objects EtherCAT;USINT;0.880.2
3553;Transmit PDO mapped objects EtherCAT;UDINT;0.881.0
3554;Transmit PDO mapped objects EtherCAT;UDINT;0.881.1
3555;Transmit PDO mapped objects EtherCAT;UDINT;0.881.2
3556;Synchronisation mode;UINT;0.1050.0
3557;Synchronisation process repetition time;REAL;0.1051.0
3559;Sync mode supported;UINT;0.1053.0
3560;Sync Minimum Cycle Time;REAL;0.1054.0
3561;Sync Calc And Copy Time;REAL;0.1055.0
3562;Sync Get Cycle Time;UINT;0.1056.0
3563;Sync Delay Time;REAL;0.1057.0
3564;Sync0 Cycle Time;REAL;0.1058.0
3565;Sync SM Event Missed;UINT;0.1059.0
3566;Sync cycle time too small;UINT;0.1060.0
3567;Sync Error;BOOL;0.1061.0
3568;Calc and copy time;REAL;0.1062.0
3569;Maximum delay time;REAL;0.1063.0
3570;Counter Process data loss;UDINT;0.1770.0
3572;EtherCAT explicit device ID;UINT;0.7600.0
3573;Device type CiA402;UDINT;0.7601.0
3574;Error register CiA402;USINT;0.7602.0
3575;Device name CiA402;STRING(32);0.7603.0
3576;Hardware version CiA402;STRING(6);0.7604.0
3577;Software version CiA402;STRING(32);0.7605.0
3579;Vendor ID;UDINT;0.7607.0
3580;Product code;UDINT;0.7608.0
3581;Revision number;UDINT;0.7609.0
3582;Hash firmware package;STRING(20);0.9595.0
3586;Operating hours counter UINT;UDINT;0.14231.0
3587;Expected ITAC number Power unit;STRING(15);0.16000.0
3588;Expected ITAC number safety unit;STRING(15);0.16001.0
3589;Activation automatic detection Protocol Bits;BOOL;0.36029.0
3590;Active singleturn resolution;UDINT;0.36030.0
3591;Active multi-turn resolution;UDINT;0.36031.0
3592;Timeout BiSS-C;REAL;0.36032.0
3596;Local error reaction;UDINT;0.43543.0
3597;Sync error counter limit;UINT;0.43544.0
3598;Maximum messages;USINT;0.43545.0
3599;Newest message;USINT;0.43546.0
3600;Newest ack message;USINT;0.43547.0
3601;New message available;BOOL;0.43548.0
3602;Flags;UINT;0.43549.0
3603;Timestamp object;ULINT;0.43550.0
3604;SDO 10F3 Diag Array 0;USINT;0.43551.0
3605;SDO 10F3 Diag Array 1;USINT;0.43552.0
3606;SDO 10F3 Diag Array 2;USINT;0.43553.0
3607;SDO 10F3 Diag Array 3;USINT;0.43554.0
3608;SDO 10F3 Diag Array 4;USINT;0.43555.0
3609;SDO 10F3 Diag Array 5;USINT;0.43556.0
3610;SDO 10F3 Diag Array 6;USINT;0.43557.0
3611;SDO 10F3 Diag Array 7;USINT;0.43558.0
3612;SDO 10F3 Diag Array 8;USINT;0.43559.0
3613;SDO 10F3 Diag Array 9;USINT;0.43560.0
3614;SDO 10F3 Diag Array 10;USINT;0.43561.0
3615;SDO 10F3 Diag Array 11;USINT;0.43562.0
3616;SDO 10F3 Diag Array 12;USINT;0.43563.0
3617;SDO 10F3 Diag Array 13;USINT;0.43564.0
3618;SDO 10F3 Diag Array 14;USINT;0.43565.0
3619;SDO 10F3 Diag Array 15;USINT;0.43566.0
3620;SDO 10F3 Diag Array 16;USINT;0.43567.0
3621;SDO 10F3 Diag Array 17;USINT;0.43568.0
3622;SDO 10F3 Diag Array 18;USINT;0.43569.0
3623;SDO 10F3 Diag Array 19;USINT;0.43570.0
3624;Status FoE;UDINT;0.44550.0
3625;File type FoE;UINT;0.44551.0
3626;Counter FoE;UDINT;0.44552.0
3627;Number of update jobs;INT;0.100023.0
3628;Active update job;INT;0.100024.0
3629;Total number of bytes written Flash;DINT;0.100028.0
3630;Number of bytes written Flash;DINT;0.100029.0
3643;Parameterization authority ID Profile;UDINT;0.100046.0
3644;Parameterization authority ID Connection;UDINT;0.100047.0
3645;Status Parameterization authority;USINT;0.100048.0
3646;Parameterization authority Connection;UDINT;0.100072.0
3647;RTE Configuration (user defined);UDINT;0.100159.0
3648;RTE configuration active;UDINT;0.100179.0
3649;RTE Configuration next;UDINT;0.100181.0
3650;RTE Switches device start;UDINT;0.100185.0
3651;RTE Switches Active;UDINT;0.100189.0
3654;State OS;UDINT;0.100257.0
3655;Reg DFSR;UDINT;0.100265.0
3656;Reg IFSR;UDINT;0.100273.0
3657;Major Version APPloader;UDINT;0.100680.0
3658;Minor Version APPloader;UDINT;0.100681.0
3659;Patch Version APPloader;UDINT;0.100682.0
3660;Build Version APPloader;UDINT;0.100683.0
3661;Version String APPloader;STRING(32);0.100684.0
3662;Timestamp APPloader;STRING(48);0.100685.0
3663;Major Version RTE;UINT;0.100686.0
3664;User Build APPloader;STRING(32);0.100689.0
3665;Minor Version RTE;UINT;0.100690.0
3666;Build Version RTE;UINT;0.100691.0
3667;Revision Version RTE;UINT;0.100692.0
3668;Version String RTE;STRING(63);0.100693.0
3672;Diagnostic category: Parameter set stored CRC1;UINT;0.100811.0
3673;Activation PROFINET diagnostics;SINT;0.100821.0
3676;Reg DFAR;UDINT;0.101133.0
3677;Reg IFAR;UDINT;0.101134.0
3678;Reg VBAR;UDINT;0.101135.0
3679;Reg ISR;UDINT;0.101137.0
3680;Active Task ID;UDINT;0.101139.0
3681;Active Task Stack Fill Level;UDINT;0.101140.0
3682;Active Task Stack Size;UDINT;0.101141.0
3683;Actual Task Id;UDINT;0.101142.0
3684;Actual Task Stack Fill Level;UDINT;0.101144.0
3685;Actual Task Stack Size;UDINT;0.101145.0
3686;Heap used;UDINT;0.101146.0
3687;Heap size;UDINT;0.101147.0
3688;Storage option: Incompatible device configuration PROFINET IRT;USINT;0.101291.0
3689;Diagnostic category: Incompatible device configuration PROFINET IRT;UINT;0.101296.0
3768;Last received frame number channel A;UINT;0.100011.0
3769;Last received frame number channel A;UINT;0.100011.1
3770;Number of CRC errors channel A;UDINT;0.100014.0
3771;Number of CRC errors channel A;UDINT;0.100014.1
3772;Number of header errors channel A;UDINT;0.100015.0
3773;Number of header errors channel A;UDINT;0.100015.1
3774;Number of sequence errors channel A;UDINT;0.100016.0
3775;Number of sequence errors channel A;UDINT;0.100016.1
3776;Last received frame number channel B;UINT;0.100017.0
3777;Last received frame number channel B;UINT;0.100017.1
3778;Number of CRC errors channel B;UDINT;0.100018.0
3779;Number of CRC errors channel B;UDINT;0.100018.1
3780;Number of Header Errors channel B;UDINT;0.100019.0
3781;Number of Header Errors channel B;UDINT;0.100019.1
3782;Number of sequence errors channel B;UDINT;0.100020.0
3783;Number of sequence errors channel B;UDINT;0.100020.1
3784;CRC2;USINT;0.100049.0
3785;Actual supply voltage channel A;REAL;0.100053.0
3786;Actual supply voltage channel A;REAL;0.100053.1
3787;Actual supply voltage channel A;REAL;0.100053.2
3788;Actual supply voltage channel A;REAL;0.100053.3
3789;Actual supply voltage channel B;REAL;0.100065.0
3790;Actual supply voltage channel B;REAL;0.100065.1
3791;Actual supply voltage channel B;REAL;0.100065.2
3792;Actual supply voltage channel B;REAL;0.100065.3
3793;ERR_STATE of error channel B;UINT;0.100066.0
3794;Filter time constant test pulse;REAL;0.100067.0
3795;Filter time constant test pulse;REAL;0.100067.1
3796;Filter time constant test pulse;REAL;0.100067.2
3797;Filter time constant test pulse;REAL;0.100067.3
3798;Filter time constant test pulse;REAL;0.100067.4
3799;Filter time constant test pulse;REAL;0.100067.5
3800;Filter time constant test pulse;REAL;0.100067.6
3801;Filter time constant test pulse;REAL;0.100067.7
3802;Filter time constant test pulse;REAL;0.100067.8
3803;Filter time constant test pulse;REAL;0.100067.9
3804;Filter time constant test pulse;REAL;0.100067.10
3805;Filter time constant test pulse;REAL;0.100067.11
3806;ERR_SF_REQ Error reaction channel A;UDINT;0.100068.0
3807;State of 1-Ch input channel A;BOOL;0.100069.0
3808;State of 1-Ch input channel A;BOOL;0.100069.1
3809;State of 1-Ch input channel A;BOOL;0.100069.2
3810;State of 1-Ch input channel A;BOOL;0.100069.3
3811;State of 1-Ch input channel A;BOOL;0.100069.4
3812;State of 1-Ch input channel A;BOOL;0.100069.5
3813;State of 1-Ch input channel A;BOOL;0.100069.6
3814;State of 1-Ch input channel A;BOOL;0.100069.7
3815;State of 1-Ch input channel A;BOOL;0.100069.8
3816;State of 1-Ch input channel A;BOOL;0.100069.9
3817;State of 1-Ch input channel A;BOOL;0.100069.10
3818;State of 1-Ch input channel A;BOOL;0.100069.11
3819;ERR_SF_REQ Error reaction channel B;UDINT;0.100070.0
3820;Validity of 1-Ch input channel A;BOOL;0.100071.0
3821;Validity of 1-Ch input channel A;BOOL;0.100071.1
3822;Validity of 1-Ch input channel A;BOOL;0.100071.2
3823;Validity of 1-Ch input channel A;BOOL;0.100071.3
3824;Validity of 1-Ch input channel A;BOOL;0.100071.4
3825;Validity of 1-Ch input channel A;BOOL;0.100071.5
3826;Validity of 1-Ch input channel A;BOOL;0.100071.6
3827;Validity of 1-Ch input channel A;BOOL;0.100071.7
3828;Validity of 1-Ch input channel A;BOOL;0.100071.8
3829;Validity of 1-Ch input channel A;BOOL;0.100071.9
3830;Validity of 1-Ch input channel A;BOOL;0.100071.10
3831;Validity of 1-Ch input channel A;BOOL;0.100071.11
3832;State of digital input channel A filtered;BOOL;0.100073.0
3833;State of digital input channel A filtered;BOOL;0.100073.1
3834;State of digital input channel A filtered;BOOL;0.100073.2
3835;State of digital input channel A filtered;BOOL;0.100073.3
3836;State of digital input channel A filtered;BOOL;0.100073.4
3837;State of digital input channel A filtered;BOOL;0.100073.5
3838;State of digital input channel A filtered;BOOL;0.100073.6
3839;State of digital input channel A filtered;BOOL;0.100073.7
3840;State of digital input channel A filtered;BOOL;0.100073.8
3841;State of digital input channel A filtered;BOOL;0.100073.9
3842;State of digital input channel A filtered;BOOL;0.100073.10
3843;State of digital input channel A filtered;BOOL;0.100073.11
3844;State of digital input channel B filtered;BOOL;0.100075.0
3845;State of digital input channel B filtered;BOOL;0.100075.1
3846;State of digital input channel B filtered;BOOL;0.100075.2
3847;State of digital input channel B filtered;BOOL;0.100075.3
3848;State of digital input channel B filtered;BOOL;0.100075.4
3849;State of digital input channel B filtered;BOOL;0.100075.5
3850;State of digital input channel B filtered;BOOL;0.100075.6
3851;State of digital input channel B filtered;BOOL;0.100075.7
3852;State of digital input channel B filtered;BOOL;0.100075.8
3853;State of digital input channel B filtered;BOOL;0.100075.9
3854;State of digital input channel B filtered;BOOL;0.100075.10
3855;State of digital input channel B filtered;BOOL;0.100075.11
3856;State of 2-Ch input channel A;BOOL;0.100077.0
3857;State of 2-Ch input channel A;BOOL;0.100077.1
3858;State of 2-Ch input channel A;BOOL;0.100077.2
3859;State of 2-Ch input channel A;BOOL;0.100077.3
3860;State of 2-Ch input channel A;BOOL;0.100077.4
3861;State of 2-Ch input channel A;BOOL;0.100077.5
3862;Validity of 2-Ch input channel A;BOOL;0.100078.0
3863;Validity of 2-Ch input channel A;BOOL;0.100078.1
3864;Validity of 2-Ch input channel A;BOOL;0.100078.2
3865;Validity of 2-Ch input channel A;BOOL;0.100078.3
3866;Validity of 2-Ch input channel A;BOOL;0.100078.4
3867;Validity of 2-Ch input channel A;BOOL;0.100078.5
3868;Discrepancy time 2-Ch input;REAL;0.100079.0
3869;Discrepancy time 2-Ch input;REAL;0.100079.1
3870;Discrepancy time 2-Ch input;REAL;0.100079.2
3871;Discrepancy time 2-Ch input;REAL;0.100079.3
3872;Discrepancy time 2-Ch input;REAL;0.100079.4
3873;Discrepancy time 2-Ch input;REAL;0.100079.5
3874;State of 1-Ch input channel B;BOOL;0.100080.0
3875;State of 1-Ch input channel B;BOOL;0.100080.1
3876;State of 1-Ch input channel B;BOOL;0.100080.2
3877;State of 1-Ch input channel B;BOOL;0.100080.3
3878;State of 1-Ch input channel B;BOOL;0.100080.4
3879;State of 1-Ch input channel B;BOOL;0.100080.5
3880;State of 1-Ch input channel B;BOOL;0.100080.6
3881;State of 1-Ch input channel B;BOOL;0.100080.7
3882;State of 1-Ch input channel B;BOOL;0.100080.8
3883;State of 1-Ch input channel B;BOOL;0.100080.9
3884;State of 1-Ch input channel B;BOOL;0.100080.10
3885;State of 1-Ch input channel B;BOOL;0.100080.11
3886;Validity of 1-Ch input channel B;BOOL;0.100081.0
3887;Validity of 1-Ch input channel B;BOOL;0.100081.1
3888;Validity of 1-Ch input channel B;BOOL;0.100081.2
3889;Validity of 1-Ch input channel B;BOOL;0.100081.3
3890;Validity of 1-Ch input channel B;BOOL;0.100081.4
3891;Validity of 1-Ch input channel B;BOOL;0.100081.5
3892;Validity of 1-Ch input channel B;BOOL;0.100081.6
3893;Validity of 1-Ch input channel B;BOOL;0.100081.7
3894;Validity of 1-Ch input channel B;BOOL;0.100081.8
3895;Validity of 1-Ch input channel B;BOOL;0.100081.9
3896;Validity of 1-Ch input channel B;BOOL;0.100081.10
3897;Validity of 1-Ch input channel B;BOOL;0.100081.11
3898;Error response channel A;UINT;0.100083.0
3899;Maximum number of errors channel A;UDINT;0.100087.0
3900;Error response channel B;UINT;0.100088.0
3901;Maximum number of errors channel B;UDINT;0.100089.0
3902;Counter Error queue channel A;UDINT;0.100090.0
3903;Counter Error queue channel B;UDINT;0.100092.0
3910;Diagnostic category: Safety Overvoltage channel A/B;UINT;0.100106.0
3911;Diagnostic category: Safety Overvoltage channel A/B;UINT;0.100106.1
3912;Diagnostic category: Safety Overvoltage channel A/B;UINT;0.100106.2
3913;Diagnostic category: Safety Overvoltage channel A/B;UINT;0.100106.3
3918;Diagnostic category: Safety Undervoltage channel A/B;UINT;0.100130.0
3919;Diagnostic category: Safety Undervoltage channel A/B;UINT;0.100130.1
3920;Diagnostic category: Safety Undervoltage channel A/B;UINT;0.100130.2
3921;Diagnostic category: Safety Undervoltage channel A/B;UINT;0.100130.3
3922;ERR_STATE of error channel A;UINT;0.100144.0
3923;Status of 2-Ch input channel B;BOOL;0.100145.0
3924;Status of 2-Ch input channel B;BOOL;0.100145.1
3925;Status of 2-Ch input channel B;BOOL;0.100145.2
3926;Status of 2-Ch input channel B;BOOL;0.100145.3
3927;Status of 2-Ch input channel B;BOOL;0.100145.4
3928;Status of 2-Ch input channel B;BOOL;0.100145.5
3929;Validity of 2-Ch input channel B;BOOL;0.100146.0
3930;Validity of 2-Ch input channel B;BOOL;0.100146.1
3931;Validity of 2-Ch input channel B;BOOL;0.100146.2
3932;Validity of 2-Ch input channel B;BOOL;0.100146.3
3933;Validity of 2-Ch input channel B;BOOL;0.100146.4
3934;Validity of 2-Ch input channel B;BOOL;0.100146.5
3935;Firmware Version channel A;STRING(30);0.100149.0
3936;Firmware Version channel B;STRING(30);0.100151.0
3938;Firmware channel A;STRING(30);0.100153.0
3940;Firmware channel B;STRING(30);0.100155.0
3941;Hardfault Safety channel B;UDINT;0.100171.0
3944;Diagnostic category: Safety Invalid firmware channel A/B;UINT;0.100177.0
3945;Diagnostic category: Safety Error FSU Mainswitch channel A/B;UINT;0.100178.0
3946;Sync Time channel A;UDINT;0.100193.0
3949;Sync Time channel B;UDINT;0.100207.0
3950;CRC1;USINT;0.100223.0
3953;Hardfault Safety channel B;UDINT;0.100229.0
3954;Active CRC1;USINT;0.100231.0
3956;Diagnostic category: Safety Exception;UINT;0.100237.0
3958;Diagnostic category: Safety Invalid CRC HCI communication;UINT;0.100248.0
3959;Temperature channel A;REAL;0.100253.0
3961;Diagnostic category: Safety Invalid HCI sequence;UINT;0.100260.0
3962;Temperature channel B;REAL;0.100269.0
3964;Diagnostic category: Safety Invalid HCI header;UINT;0.100272.0
3965;Status ReInit channel A;UDINT;0.100279.0
3966;Status ReInit channel B;UDINT;0.100287.0
3968;Diagnostic category: Safety Overtemperature channel A/B;UINT;0.100301.0
3970;Diagnostic category: Safety Undertemperature channel A/B;UINT;0.100349.0
3974;Diagnostic category: Safety Active CRC1 channel A/B invalid;UINT;0.100403.0
3978;Diagnostic category: Safety CRC1 Error channel A/B;UINT;0.100507.0
3979;Status FSU channel A;UDINT;0.100568.0
3980;Status Safety;USINT;0.100572.0
3981;Status FSU channel B;UDINT;0.100578.0
3982;Status Activation FSU channel A;BOOL;0.100592.0
3983;Status Activation FSU channel B;BOOL;0.100596.0
3984;Test Pulse Length 1-Ch Output;REAL;0.100600.0
3985;Test Pulse Length 1-Ch Output;REAL;0.100600.1
3986;Test Pulse Length 1-Ch Output;REAL;0.100600.2
3987;Test Pulse Length 1-Ch Output;REAL;0.100600.3
3988;Test Pulse Length 1-Ch Output;REAL;0.100600.4
3989;Test Pulse Length 1-Ch Output;REAL;0.100600.5
3990;Test Pulse Length 1-Ch Output;REAL;0.100600.6
3991;Test Pulse Length 1-Ch Output;REAL;0.100600.7
3992;Test Pulse Length 1-Ch Output;REAL;0.100600.8
3993;Test Pulse Length 1-Ch Output;REAL;0.100600.9
3994;Feedback FSU Mainswitch channel A;BOOL;0.100617.0
3995;Feedback FSU Mainswitch channel B;BOOL;0.100621.0
3996;Active test pulse length 1-Ch output;REAL;0.100625.0
3997;Active test pulse length 1-Ch output;REAL;0.100625.1
3998;Active test pulse length 1-Ch output;REAL;0.100625.2
3999;Active test pulse length 1-Ch output;REAL;0.100625.3
4000;Active test pulse length 1-Ch output;REAL;0.100625.4
4001;Active test pulse length 1-Ch output;REAL;0.100625.5
4002;Active test pulse length 1-Ch output;REAL;0.100625.6
4003;Active test pulse length 1-Ch output;REAL;0.100625.7
4004;Active test pulse length 1-Ch output;REAL;0.100625.8
4005;Active test pulse length 1-Ch output;REAL;0.100625.9
4006;Test pulse requested channel A;BOOL;0.100629.0
4007;Test pulse requested channel B;BOOL;0.100633.0
4008;Status Synchronous clock;UDINT;0.100641.0
4019;Setpoint 1-Ch output channel A;BOOL;0.100673.0
4020;Setpoint 1-Ch output channel A;BOOL;0.100673.1
4021;Setpoint 1-Ch output channel A;BOOL;0.100673.2
4022;Setpoint 1-Ch output channel A;BOOL;0.100673.3
4023;Setpoint 1-Ch output channel A;BOOL;0.100673.4
4024;Setpoint 1-Ch output channel A;BOOL;0.100673.5
4025;Setpoint 1-Ch output channel A;BOOL;0.100673.6
4026;Setpoint 1-Ch output channel A;BOOL;0.100673.7
4027;Setpoint 1-Ch output channel A;BOOL;0.100673.8
4028;Setpoint 1-Ch output channel A;BOOL;0.100673.9
4029;Diagnostic category: Self-test digital output channel A/B failed;UINT;0.100675.0
4030;Diagnostic category: Self-test digital output channel A/B failed;UINT;0.100675.1
4031;Diagnostic category: Self-test digital output channel A/B failed;UINT;0.100675.2
4032;Diagnostic category: Self-test digital output channel A/B failed;UINT;0.100675.3
4033;Diagnostic category: Self-test digital output channel A/B failed;UINT;0.100675.4
4034;Diagnostic category: Self-test digital output channel A/B failed;UINT;0.100675.5
4035;Diagnostic category: Self-test digital output channel A/B failed;UINT;0.100675.6
4036;Diagnostic category: Self-test digital output channel A/B failed;UINT;0.100675.7
4037;Diagnostic category: Self-test digital output channel A/B failed;UINT;0.100675.8
4038;Diagnostic category: Self-test digital output channel A/B failed;UINT;0.100675.9
4039;Setpoint 1-Ch output channel B;BOOL;0.100687.0
4040;Setpoint 1-Ch output channel B;BOOL;0.100687.1
4041;Setpoint 1-Ch output channel B;BOOL;0.100687.2
4042;Setpoint 1-Ch output channel B;BOOL;0.100687.3
4043;Setpoint 1-Ch output channel B;BOOL;0.100687.4
4044;Setpoint 1-Ch output channel B;BOOL;0.100687.5
4045;Setpoint 1-Ch output channel B;BOOL;0.100687.6
4046;Setpoint 1-Ch output channel B;BOOL;0.100687.7
4047;Setpoint 1-Ch output channel B;BOOL;0.100687.8
4048;Setpoint 1-Ch output channel B;BOOL;0.100687.9
4049;Validity 1-Ch output channel A;BOOL;0.100694.0
4050;Validity 1-Ch output channel A;BOOL;0.100694.1
4051;Validity 1-Ch output channel A;BOOL;0.100694.2
4052;Validity 1-Ch output channel A;BOOL;0.100694.3
4053;Validity 1-Ch output channel A;BOOL;0.100694.4
4054;Validity 1-Ch output channel A;BOOL;0.100694.5
4055;Validity 1-Ch output channel A;BOOL;0.100694.6
4056;Validity 1-Ch output channel A;BOOL;0.100694.7
4057;Validity 1-Ch output channel A;BOOL;0.100694.8
4058;Validity 1-Ch output channel A;BOOL;0.100694.9
4059;Validity 1-Ch output channel B;BOOL;0.100696.0
4060;Validity 1-Ch output channel B;BOOL;0.100696.1
4061;Validity 1-Ch output channel B;BOOL;0.100696.2
4062;Validity 1-Ch output channel B;BOOL;0.100696.3
4063;Validity 1-Ch output channel B;BOOL;0.100696.4
4064;Validity 1-Ch output channel B;BOOL;0.100696.5
4065;Validity 1-Ch output channel B;BOOL;0.100696.6
4066;Validity 1-Ch output channel B;BOOL;0.100696.7
4067;Validity 1-Ch output channel B;BOOL;0.100696.8
4068;Validity 1-Ch output channel B;BOOL;0.100696.9
4069;Feedback 1-Ch output channel A;BOOL;0.100698.0
4070;Feedback 1-Ch output channel A;BOOL;0.100698.1
4071;Feedback 1-Ch output channel A;BOOL;0.100698.2
4072;Feedback 1-Ch output channel A;BOOL;0.100698.3
4073;Feedback 1-Ch output channel A;BOOL;0.100698.4
4074;Feedback 1-Ch output channel A;BOOL;0.100698.5
4075;Feedback 1-Ch output channel A;BOOL;0.100698.6
4076;Feedback 1-Ch output channel A;BOOL;0.100698.7
4077;Feedback 1-Ch output channel A;BOOL;0.100698.8
4078;Feedback 1-Ch output channel A;BOOL;0.100698.9
4079;Feedback 1-Ch output channel B;BOOL;0.100700.0
4080;Feedback 1-Ch output channel B;BOOL;0.100700.1
4081;Feedback 1-Ch output channel B;BOOL;0.100700.2
4082;Feedback 1-Ch output channel B;BOOL;0.100700.3
4083;Feedback 1-Ch output channel B;BOOL;0.100700.4
4084;Feedback 1-Ch output channel B;BOOL;0.100700.5
4085;Feedback 1-Ch output channel B;BOOL;0.100700.6
4086;Feedback 1-Ch output channel B;BOOL;0.100700.7
4087;Feedback 1-Ch output channel B;BOOL;0.100700.8
4088;Feedback 1-Ch output channel B;BOOL;0.100700.9
4099;Diagnostic category: Safety Discrepancy between target value and actual value at digital output on channel A/B;UINT;0.100724.0
4100;Diagnostic category: Safety Discrepancy between target value and actual value at digital output on channel A/B;UINT;0.100724.1
4101;Diagnostic category: Safety Discrepancy between target value and actual value at digital output on channel A/B;UINT;0.100724.2
4102;Diagnostic category: Safety Discrepancy between target value and actual value at digital output on channel A/B;UINT;0.100724.3
4103;Diagnostic category: Safety Discrepancy between target value and actual value at digital output on channel A/B;UINT;0.100724.4
4104;Diagnostic category: Safety Discrepancy between target value and actual value at digital output on channel A/B;UINT;0.100724.5
4105;Diagnostic category: Safety Discrepancy between target value and actual value at digital output on channel A/B;UINT;0.100724.6
4106;Diagnostic category: Safety Discrepancy between target value and actual value at digital output on channel A/B;UINT;0.100724.7
4107;Diagnostic category: Safety Discrepancy between target value and actual value at digital output on channel A/B;UINT;0.100724.8
4108;Diagnostic category: Safety Discrepancy between target value and actual value at digital output on channel A/B;UINT;0.100724.9
4109;Status 2-Ch output channel A;BOOL;0.100754.0
4110;Status 2-Ch output channel A;BOOL;0.100754.1
4111;Status 2-Ch output channel A;BOOL;0.100754.2
4112;Status 2-Ch output channel B;BOOL;0.100755.0
4113;Status 2-Ch output channel B;BOOL;0.100755.1
4114;Status 2-Ch output channel B;BOOL;0.100755.2
4115;Validity feedback 2-Ch output channel A;BOOL;0.100756.0
4116;Validity feedback 2-Ch output channel A;BOOL;0.100756.1
4117;Validity feedback 2-Ch output channel A;BOOL;0.100756.2
4118;Validity feedback 2-Ch output channel B;BOOL;0.100757.0
4119;Validity feedback 2-Ch output channel B;BOOL;0.100757.1
4120;Validity feedback 2-Ch output channel B;BOOL;0.100757.2
4121;Validity 2-Ch output channel A;BOOL;0.100758.0
4122;Validity 2-Ch output channel A;BOOL;0.100758.1
4123;Validity 2-Ch output channel A;BOOL;0.100758.2
4124;Validity 2-Ch output channel B;BOOL;0.100759.0
4125;Validity 2-Ch output channel B;BOOL;0.100759.1
4126;Validity 2-Ch output channel B;BOOL;0.100759.2
4127;Counter Synchronous clock;UDINT;0.100770.0
4128;Storage option: Parameter set activated CRC2;USINT;0.100831.0
4129;Active filter time constant Test pulse;REAL;0.100833.0
4130;Active filter time constant Test pulse;REAL;0.100833.1
4131;Active filter time constant Test pulse;REAL;0.100833.2
4132;Active filter time constant Test pulse;REAL;0.100833.3
4133;Active filter time constant Test pulse;REAL;0.100833.4
4134;Active filter time constant Test pulse;REAL;0.100833.5
4135;Active filter time constant Test pulse;REAL;0.100833.6
4136;Active filter time constant Test pulse;REAL;0.100833.7
4137;Active filter time constant Test pulse;REAL;0.100833.8
4138;Active filter time constant Test pulse;REAL;0.100833.9
4139;Active filter time constant Test pulse;REAL;0.100833.10
4140;Active filter time constant Test pulse;REAL;0.100833.11
4141;Diagnostic category: Parameter set activated CRC2;UINT;0.100834.0
4143;Diagnostic category: Safety CRC2 error channel A/B;UINT;0.100840.0
4152;Compare Data ID channel A;UINT;0.100899.0
4153;Compare Data ID channel B;UINT;0.100903.0
4157;Diagnostic category: Safety Cross comparison CRC channel A/B;UINT;0.100909.0
4160;Compare data type channel A;UDINT;0.100915.0
4161;Compare data type channel B;UDINT;0.100919.0
4164;Counter Tx Command Buffer channel A;UDINT;0.100925.0
4166;Counter Tx Command Buffer channel B;UDINT;0.100927.0
4168;Counter Rx Command Buffer channel A;UDINT;0.100929.0
4173;Counter Rx Command Buffer channel B;UDINT;0.100938.0
4174;Last Hard Fault channel A;UDINT;0.100939.0
4175;Last Hard Fault channel B;UDINT;0.100940.0
4176;State ReInit channel A;UDINT;0.100942.0
4177;State ReInit channel B;UDINT;0.100946.0
4178;Status ReInit channel A;UDINT;0.100950.0
4179;Status ReInit channel B;UDINT;0.100954.0
4181;Active error reaction: Safety Overtemperature channel A/B;UINT;0.100959.0
4182;Diagnostic category: Safety Error Reinitialisation channel A/B;UINT;0.100960.0
4184;Diagnostic category: Safety Error Reinitialisation channel A/B;UINT;0.100974.0
4185;Active error reaction: Safety Hard Fault channel A/B;UINT;0.100992.0
4186;Active error reaction: Safety Undertemperature channel A/B;UINT;0.101005.0
4187;SF_REQ;UDINT;0.101006.0
4188;SF_SFR;UDINT;0.101008.0
4189;SF_SAFE;UDINT;0.101010.0
4190;SF_SCV;UDINT;0.101012.0
4191;Active error reaction: Safety Overvoltage channel A/B;UINT;0.101013.0
4192;Active error reaction: Safety Overvoltage channel A/B;UINT;0.101013.1
4193;Active error reaction: Safety Overvoltage channel A/B;UINT;0.101013.2
4194;Active error reaction: Safety Overvoltage channel A/B;UINT;0.101013.3
4195;SF_ENABLE;UDINT;0.101014.0
4196;Control word Safety -> Host;UDINT;0.101016.0
4197;Control word Host -> Safety;UDINT;0.101018.0
4198;Active error reaction: Safety Undervoltage channel A/B;UINT;0.101021.0
4199;Active error reaction: Safety Undervoltage channel A/B;UINT;0.101021.1
4200;Active error reaction: Safety Undervoltage channel A/B;UINT;0.101021.2
4201;Active error reaction: Safety Undervoltage channel A/B;UINT;0.101021.3
4202;Deactivation of the drive-controlled safety function;UDINT;0.101024.0
4203;SF_ENABLE channel A;UDINT;0.101032.0
4204;Active error reaction: Safety Discrepancy time of digital input exceeded channel A/B;UINT;0.101037.0
4205;Active error reaction: Safety Discrepancy time of digital input exceeded channel A/B;UINT;0.101037.1
4206;Active error reaction: Safety Discrepancy time of digital input exceeded channel A/B;UINT;0.101037.2
4207;Active error reaction: Safety Discrepancy time of digital input exceeded channel A/B;UINT;0.101037.3
4208;Active error reaction: Safety Discrepancy time of digital input exceeded channel A/B;UINT;0.101037.4
4209;Active error reaction: Safety Discrepancy time of digital input exceeded channel A/B;UINT;0.101037.5
4210;SF_SCV channel A;UDINT;0.101040.0
4211;Active error reaction: Safety Self-test of digital output failed channel A/B;UINT;0.101045.0
4212;Active error reaction: Safety Self-test of digital output failed channel A/B;UINT;0.101045.1
4213;Active error reaction: Safety Self-test of digital output failed channel A/B;UINT;0.101045.2
4214;Active error reaction: Safety Self-test of digital output failed channel A/B;UINT;0.101045.3
4215;Active error reaction: Safety Self-test of digital output failed channel A/B;UINT;0.101045.4
4216;Active error reaction: Safety Self-test of digital output failed channel A/B;UINT;0.101045.5
4217;Active error reaction: Safety Self-test of digital output failed channel A/B;UINT;0.101045.6
4218;Active error reaction: Safety Self-test of digital output failed channel A/B;UINT;0.101045.7
4219;Active error reaction: Safety Self-test of digital output failed channel A/B;UINT;0.101045.8
4220;Active error reaction: Safety Self-test of digital output failed channel A/B;UINT;0.101045.9
4221;SF_SAFE channel A;UDINT;0.101048.0
4222;Active error reaction: Safety Discrepancy between target value and actual value at digital output on channel A/B;UINT;0.101049.0
4223;Active error reaction: Safety Discrepancy between target value and actual value at digital output on channel A/B;UINT;0.101049.1
4224;Active error reaction: Safety Discrepancy between target value and actual value at digital output on channel A/B;UINT;0.101049.2
4225;Active error reaction: Safety Discrepancy between target value and actual value at digital output on channel A/B;UINT;0.101049.3
4226;Active error reaction: Safety Discrepancy between target value and actual value at digital output on channel A/B;UINT;0.101049.4
4227;Active error reaction: Safety Discrepancy between target value and actual value at digital output on channel A/B;UINT;0.101049.5
4228;Active error reaction: Safety Discrepancy between target value and actual value at digital output on channel A/B;UINT;0.101049.6
4229;Active error reaction: Safety Discrepancy between target value and actual value at digital output on channel A/B;UINT;0.101049.7
4230;Active error reaction: Safety Discrepancy between target value and actual value at digital output on channel A/B;UINT;0.101049.8
4231;Active error reaction: Safety Discrepancy between target value and actual value at digital output on channel A/B;UINT;0.101049.9
4232;SF_SFR channel A;UDINT;0.101056.0
4233;SF_REQ channel A;UDINT;0.101060.0
4234;SF_ENABLE channel B;UDINT;0.101064.0
4235;SF_SCV channel B;UDINT;0.101070.0
4236;SF_SAFE channel B;UDINT;0.101072.0
4243;SF_SFR channel B;UDINT;0.101074.0
4244;Diagnostic category: Discrepancy time of digital input channel A/B exceeded;UINT;0.101075.0
4245;Diagnostic category: Discrepancy time of digital input channel A/B exceeded;UINT;0.101075.1
4246;Diagnostic category: Discrepancy time of digital input channel A/B exceeded;UINT;0.101075.2
4247;Diagnostic category: Discrepancy time of digital input channel A/B exceeded;UINT;0.101075.3
4248;Diagnostic category: Discrepancy time of digital input channel A/B exceeded;UINT;0.101075.4
4249;Diagnostic category: Discrepancy time of digital input channel A/B exceeded;UINT;0.101075.5
4250;SF_REQ channel B;UDINT;0.101078.0
4251;SS1-Activation drive-controlled;BOOL;0.101080.0
4252;SS2-Activation drive-controlled;BOOL;0.101092.0
4253;Status Safety Error;UINT;0.101096.0
4254;Deactivation Error Safety;UINT;0.101117.0
4255;SLS-Scaling factor;REAL;0.101126.0
4256;SLS-Activation drive-controlled;BOOL;0.101128.0
4266;Active Discrepancy time 2-Ch input;REAL;0.101199.0
4267;Active Discrepancy time 2-Ch input;REAL;0.101199.1
4268;Active Discrepancy time 2-Ch input;REAL;0.101199.2
4269;Active Discrepancy time 2-Ch input;REAL;0.101199.3
4270;Active Discrepancy time 2-Ch input;REAL;0.101199.4
4271;Active Discrepancy time 2-Ch input;REAL;0.101199.5
4273;Diagnostic category: Hard Fault channel A/B;UINT;0.101206.0
4286;Diagnostic category: channel A/B self-test failed;UINT;0.101266.0
4287;Diagnostic category: channel A/B self-test failed;UINT;0.101266.1
4288;Diagnostic category: channel A/B self-test failed;UINT;0.101266.2
4289;Diagnostic category: channel A/B self-test failed;UINT;0.101266.3
4290;Diagnostic category: channel A/B self-test failed;UINT;0.101266.4
4291;Diagnostic category: channel A/B self-test failed;UINT;0.101266.5
4292;Diagnostic category: channel A/B self-test failed;UINT;0.101266.6
4293;Diagnostic category: channel A/B self-test failed;UINT;0.101266.7
4294;Diagnostic category: channel A/B self-test failed;UINT;0.101266.8
4295;Diagnostic category: channel A/B self-test failed;UINT;0.101266.9
4296;Diagnostic category: channel A/B self-test failed;UINT;0.101266.10
4297;Diagnostic category: channel A/B self-test failed;UINT;0.101266.11
4298;Active error reaction: Safety Self-test failed channel A/B;UINT;0.101292.0
4299;Active error reaction: Safety Self-test failed channel A/B;UINT;0.101292.1
4300;Active error reaction: Safety Self-test failed channel A/B;UINT;0.101292.2
4301;Active error reaction: Safety Self-test failed channel A/B;UINT;0.101292.3
4302;Active error reaction: Safety Self-test failed channel A/B;UINT;0.101292.4
4303;Active error reaction: Safety Self-test failed channel A/B;UINT;0.101292.5
4304;Active error reaction: Safety Self-test failed channel A/B;UINT;0.101292.6
4305;Active error reaction: Safety Self-test failed channel A/B;UINT;0.101292.7
4306;Active error reaction: Safety Self-test failed channel A/B;UINT;0.101292.8
4307;Active error reaction: Safety Self-test failed channel A/B;UINT;0.101292.9
4308;Active error reaction: Safety Self-test failed channel A/B;UINT;0.101292.10
4309;Active error reaction: Safety Self-test failed channel A/B;UINT;0.101292.11
4310;Activate automatic detection Switching threshold brake chopper;BOOL;0.48012.0
4311;Offset switching threshold brake chopper;REAL;0.48013.0
4312;Error counter Sync 0;UINT;0.1064.0
4316;Reg R14 last;UDINT;0.101492.0
4317;Reg R13 sp;UDINT;0.101494.0
4318;Activation of extended encoder resolution;BOOL;0.101502.0
4319;Activation of extended encoder resolution;BOOL;0.101502.1
4320;Activation of extended encoder resolution;BOOL;0.101502.2
4321;Extended encoder resolution;UDINT;0.101503.0
4322;Extended encoder resolution;UDINT;0.101503.1
4323;Extended encoder resolution;UDINT;0.101503.2
4364;Active error reaction channel A.;UINT;0.100933.0
4366;Active error reaction channel B.;UINT;0.100935.0
4368;Active error reaction: Safety Error memory threshold reached channel A/B;UINT;0.101029.0
4369;Diagnostic category: Reached error memory threshold value channel A/B;UINT;0.101152.0
4371;CRC2 channel B;USINT;0.101322.0
4372;Active error reaction channel A;UINT;0.101388.0
4373;Active error reaction channel B;UINT;0.101392.0
4374;Hard Fault Exception Counter;UDINT;0.101413.0
4375;Hard Fault Exception Counter;UDINT;0.101413.1
4376;Hard Fault Exception Cause;UDINT;0.101417.0
4377;Hard Fault Exception Cause;UDINT;0.101417.1
4378;Hard Fault Register LR;UDINT;0.101421.0
4379;Hard Fault Register LR;UDINT;0.101421.1
4380;Hard Fault Register IPSR;UDINT;0.101423.0
4381;Hard Fault Register IPSR;UDINT;0.101423.1
4382;Hard Fault Register CFSR;UDINT;0.101425.0
4383;Hard Fault Register CFSR;UDINT;0.101425.1
4384;Hard Fault Register HFSR;UDINT;0.101427.0
4385;Hard Fault Register HFSR;UDINT;0.101427.1
4386;Hard Fault Register BFAR;UDINT;0.101429.0
4387;Hard Fault Register BFAR;UDINT;0.101429.1
4388;Hard Fault Register MMAR;UDINT;0.101431.0
4389;Hard Fault Register MMAR;UDINT;0.101431.1
4390;Hard Fault Register AFSR;UDINT;0.101433.0
4391;Hard Fault Register AFSR;UDINT;0.101433.1
4392;Hard Fault Register SHCSR;UDINT;0.101435.0
4393;Hard Fault Register SHCSR;UDINT;0.101435.1
4394;Hard Fault Register CSR;UDINT;0.101437.0
4395;Hard Fault Register CSR;UDINT;0.101437.1
4396;Activation Safe Error acknowledgement;BOOL;0.101439.0
4397;Active error reaction: Safety CRC1 Error channel A/B;UINT;0.101443.0
4398;Active error reaction: Safety Active CRC1 channel A/B invalid;UINT;0.101447.0
4399;Active Safe Activation Error acknowledgement;BOOL;0.101451.0
4400;Storage option: Safety Hard Fault;USINT;0.101457.0
4401;Storage option: Safety Hard Fault;USINT;0.101457.1
4402;Active error reaction: Safety Cross comparison CRC channel A/B;UINT;0.101459.0
4403;Diagnostic category: Safety Hard Fault;UINT;0.101461.0
4404;Diagnostic category: Safety Hard Fault;UINT;0.101461.1
4405;Active error reaction: Safety Error Reinitialisation channel A/B;UINT;0.101464.0
4406;Active error reaction: Safety CRC2 error channel A/B;UINT;0.101466.0
4407;CRC2 retentive channel A;USINT;0.101468.0
4408;CRC2 retentive channel B;USINT;0.101470.0
4413;Resolution per rotation;UDINT;0.60.1
4414;Maximum multi-turn turns;UDINT;0.61.1
4415;Single-turn position;UDINT;0.62.1
4416;Multi-turn numerator;UDINT;0.63.1
4417;EnDat 2.2 protocol supported;BOOL;0.64.1
4418;Identification number;UINT;0.65.1
4419;Serial number;UINT;0.66.1
4421;Standardised position;DINT;0.68.1
4422;Delay compensation;UDINT;0.69.1
4423;Encoder temperature sensor;UDINT;0.610.1
4424;external temperature sensor;UDINT;0.611.1
4427;Supply voltage for EnDat 2.1;REAL;0.615.1
4428;Standardised encoder position;LINT;0.640.1
4438;Resolution per rotation;UDINT;0.1250.1
4439;Maximum multi-turn revolutions;UDINT;0.1251.1
4440;Single-turn position;UDINT;0.1252.1
4441;Multi-turn counter;UDINT;0.1253.1
4443;Identification number;UINT;0.1255.1
4444;Serial number;UINT;0.1256.1
4446;Standardised position;DINT;0.1258.1
4447;Delay compensation;UDINT;0.1259.1
4450;Number of sine and cosine periods per revolution;UDINT;0.6412.1
4451;Digital single-turn resolution per rotation;UDINT;0.6413.1
4452;Resolution multi-turn rotation;UDINT;0.6414.1
4453;Multi-turn encoder;BOOL;0.6415.1
4454;Available encoder memory;UDINT;0.6416.1
4455;Encoder serial number;STRING(10);0.6417.1
4456;Encoder firmware version;STRING(21);0.6418.1
4457;Date of the firmware version;STRING(9);0.6419.1
4458;Encoder type;USINT;0.6420.1
4459;Encoder position;UDINT;0.6421.1
4465;Hiperface protocol error register;USINT;0.6427.1
4470;Supply voltage encoder;REAL;0.6432.1
4471;Vector length sine and cosine;REAL;0.6438.1
4472;Lower limit value vector length monitoring;REAL;0.6439.1
4473;Upper limit value vector length monitoring;REAL;0.6440.1
4476;Encoder supply voltage monitoring window;REAL;0.6443.1
4494;Status of error bits from protocol;UINT;0.6913.1
4495;EnDat 2.1 supply voltage monitoring window;REAL;0.6914.1
4496;Number of CRC errors;UDINT;0.6915.1
4502;Error code EnDat 2.1;UINT;0.6921.1
4503;Encoder temperature sensor;UDINT;0.12510.1
4504;external temperature sensor;UDINT;0.12511.1
4507;Supply voltage for EnDat 2.2;REAL;0.12514.1
4508;Linear measuring system active;BOOL;0.100000.1
4509;Exponent number of periods;USINT;0.100001.1
4510;Safe EnDat Nvp;LINT;0.101507.0
4512;Safe EnDat Off2;LINT;0.101509.0
4514;Safe EnDat Srm;LINT;0.101510.0
4516;Safe EnDat Nsr Pos1;DINT;0.101511.0
4518;Safe EnDat Nsr Pos2;DINT;0.101513.0
4520;Safe EnDat Clocks for Position;UINT;0.101514.0
4522;Safe EnDat Dynamization Bits 1;UINT;0.101525.0
4524;Safe EnDat Dynamization Bits 2;UINT;0.101526.0
4526;Database ID Braking resistor;UDINT;0.101529.0
4527;Order code Braking resistor;STRING(37);0.101530.0
4528;Storage option: Incorrect IP address settings;USINT;0.101561.0
4529;Storage option: Incorrect IP address settings;USINT;0.101561.1
4532;Debug Variable UINT64;ULINT;0.101711.0
4533;Debug Variable SINT64 Position;LINT;0.101713.0
4534;Memory location INT32;DINT;0.101715.0
4535;Memory location INT32;DINT;0.101715.1
4536;Memory location INT32;DINT;0.101715.2
4537;Memory location INT32;DINT;0.101715.3
4538;Memory location FLOAT32;REAL;0.101717.0
4539;Memory location FLOAT32;REAL;0.101717.1
4540;Memory location FLOAT32;REAL;0.101717.2
4541;Memory location FLOAT32;REAL;0.101717.3
4545;Status error bits protocol;UINT;0.125913.1
4546;EnDat 2.2 supply voltage monitoring window;REAL;0.125915.1
4547;Number of CRC errors;UDINT;0.125916.1
4548;Error code EnDat 2.2;UINT;0.125917.1
4550;Encoder type;UINT;0.125919.1
4551;Resolution of the linear encoder;UDINT;0.125920.1
4558;Execution Time L0 channel A;UDINT;0.100978.0
4559;Execution Time L0 channel B;UDINT;0.100979.0
4560;Execution Time L1 channel A;UDINT;0.100980.0
4561;Execution Time L1 channel B;UDINT;0.100981.0
4562;Execution Time L2 channel A;UDINT;0.100982.0
4563;Execution Time L2 channel B;UDINT;0.100983.0
4564;Max Execution Time L0 channel A;UDINT;0.100984.0
4565;Max Execution Time L0 channel B;UDINT;0.100985.0
4566;Max Execution Time L1 channel A;UDINT;0.100986.0
4567;Max Execution Time L1 channel B;UDINT;0.100987.0
4568;Max Execution Time L2 channel A;UDINT;0.100988.0
4569;Max Execution Time L2 channel B;UDINT;0.100989.0
4571;Diagnostic category: Safety error communication channel A/B and FSU;UINT;0.101039.0
4572;Active error reaction: Safety Error FSU Mainswitch channel A/B;UINT;0.101043.0
4573;Active Encoder selection;UDINT;0.101051.0
4574;Active Encoder selection;UDINT;0.101051.1
4575;Active error reaction: Safety Error self-test channel A/B;UINT;0.101061.0
4576;Frame Tx channel A;UDINT;0.101065.0
4577;Frame Tx channel B;UDINT;0.101066.0
4578;Frame Rx channel A;UDINT;0.101067.0
4579;Frame Rx channel B;UDINT;0.101068.0
4580;Active error reaction: Safety Error communication channel A/B and FSU;UINT;0.101183.0
4581;Active error reaction: Safety Incompatible software/hardware versions channel A/B and FSU;UINT;0.101212.0
4583;Diagnostic category: Safety Error self-test channel A/B;UINT;0.101244.0
4585;Diagnostic category: Safety Incompatible software/hardware versions channel A/B and FSU;UINT;0.101280.0
4586;Actual operating mode channel A;UDINT;0.101485.0
4587;Actual operating mode channel B;UDINT;0.101487.0
4596;Active error reaction: Safety Timeout Operating mode change channel A/B;UINT;0.101543.0
4598;Diagnostic category: Safety timeout Operating mode change channel A;UINT;0.101552.0
4599;Active error reaction: Safety EnDat invalid cycle sequence channel A/B;UINT;0.101587.0
4601;Diagnostic category: Safety EnDat invalid cycle sequence channel A/B;UINT;0.101590.0
4602;Active error reaction: Safety EnDat safe position error channel A/B;UINT;0.101593.0
4603;Active error reaction: Safety EnDat CRC error channel A/B;UINT;0.101597.0
4604;Active error reaction: Safety EnDat Error in recovery time channel A/B;UINT;0.101601.0
4606;Active error reaction: Safety EnDat forced dynamic modification channel A/B;UINT;0.101605.0
4608;Diagnostic category: Safety EnDat forced dynamic modification channel A/B;UINT;0.101607.0
4609;Diagnostic category: Safety EnDat error safe position channel A/B;UINT;0.101608.0
4610;Active error reaction: Safety EnDat Error in error bits channel A/B;UINT;0.101609.0
4612;Diagnostic category: Safety EnDat CRC error channel A/B;UINT;0.101632.0
4615;Diagnostic category: Safety EnDat Error Bit channel A/B;UINT;0.101655.0
4616;Diagnostic category: Safety EnDat Recovery Time Error channel A/B;UINT;0.101656.0
4626;Active supply voltage for EnDat 2.2;REAL;0.101703.0
4627;Active EnDat 2.2 supply voltage monitoring window;REAL;0.101707.0
4628;Active supply voltage incremental encoder;REAL;0.101719.0
4629;Active supply voltage incremental encoder;REAL;0.101719.1
4630;Active incremental encoder supply voltage monitoring window;REAL;0.101721.0
4631;Active incremental encoder supply voltage monitoring window;REAL;0.101721.1
4632;Active encoder resolution;UINT;0.101723.0
4633;Active encoder resolution;UINT;0.101723.1
4634;Recovery Time;UINT;0.1251128.0
4637;Diagnostic category: Factory parameter set activated;UINT;0.102816.0
4640;Active Safe EnDat Off2;LINT;0.101518.0
4641;Active Safe EnDat Srm;LINT;0.101520.0
4642;Active Safe EnDat Nsr Pos1;DINT;0.101522.0
4643;Active Safe EnDat Nsr Pos2;DINT;0.101523.0
4644;Active Safe EnDat Clocks for Position;UINT;0.101524.0
4645;Active Safe EnDat Dynamization Bits 1;UINT;0.101527.0
4646;Active Safe EnDat Dynamization Bits 2;UINT;0.101528.0
4647;Safe EnDat Off2 validated;LINT;0.102855.0
4648;Safe EnDat Srm validated;LINT;0.102856.0
4649;Safe EnDat Nsr Pos1 validated;DINT;0.102857.0
4650;Safe EnDat Nsr Pos2 validated;DINT;0.102858.0
4651;Safe EnDat Clocks for Position validated;UINT;0.102859.0
4652;Safe EnDat Dynamisation Bits 1 validated;UINT;0.102860.0
4653;Safe EnDat Dynamisation Bits 2 validated;UINT;0.102861.0
4654;Fieldweakening: Max. rotary speed;REAL;0.7137.0
4655;Pitch length;REAL;0.7443.0
4656;Nominal velocity linear;REAL;0.7444.0
4657;Maximum velocity linear;REAL;0.7445.0
4658;Maximum velocity fieldweakening linear;REAL;0.7446.0
4659;Force constant linear;REAL;0.7447.0
4660;Slide weight linear;REAL;0.7448.0
4661;Severest Diagnosis ID;UDINT;0.102935.0
4662;Synced trace: Synchronised;BOOL;0.102898.0
4663;Maximum velocity fieldweakening linear;REAL;0.7446.1
4664;Force constant linear;REAL;0.7447.0
4665;Synced trace: end timestamp;ULINT;0.102894.0
4666;Synced trace: trigger event timestamp;ULINT;0.102895.0
4667;Synced trace: Enable;BOOL;0.102896.0
4668;Synced trace: Enabled;BOOL;0.102897.0
4669;Active trigger bitmask;ULINT;0.102902.0
4670;Encoder resolution;REAL;0.102903.0
4671;Enable linear measurement;BOOL;0.102908.0
4672;Synced trace: end timestamp;ULINT;0.102894.0
4673;Diagnostic category: BiSS-C common notifications;UINT;0.102916.0
4674;Activation Legacy Mode Station Alias;BOOL;0.7610.0
4675;CiP Sync: Timestamp associated with the position setpoint;UDINT;0.303303.0
4676;CiP Sync: Sync interval;REAL;0.303305.0
4677;CiP Sync: PTP timestamp (us);ULINT;0.303306.0
4678;Encoder resolution;REAL;0.102903.1
4679;Diagnostic category: Invalid device parameter;UINT;0.102883.0
4680;Enable linear measurement;BOOL;0.102908.0
4681;Enable linear measurement;BOOL;0.102908.1
4682;Enable linear measurement;BOOL;0.102908.2
4684;Diagnostic category: BiSS-C common notifications;UINT;0.102916.0
4697;Encoder linearisation status;UDINT;0.50301.0
4703;EnDat 2.2 Word37;UINT;0.101837.0
4704;EnDat 2.2 Word37;UINT;0.101837.1
4713;Active telegram Subslot 5;UINT;0.101935.0
4714;Storage option: System starts;USINT;0.101990.0
4715;Diagnostic category: System starts;UINT;0.101992.0
4748;Active error reaction: Safety Safe Torque Off Switch-off time Timeout channel A/B;UINT;0.101761.0
4749;Active error reaction: Safety STO setpoint Off but voltage detected at output channel A/B;UINT;0.101765.0
4751;Active error reaction: Safety STO setpoint On but no voltage detected at the output channel A/B;UINT;0.101769.0
4753;Active error reaction: Safety STO voltage limit exceeded channel A/B;UINT;0.101773.0
4757;Diagnostic category: Safety Safe Torque Off Switch-off timeout channel A/B;UINT;0.101784.0
4759;Status STO channel A;BOOL;0.101789.0
4760;Status STO channel B;BOOL;0.101793.0
4761;Status STO valid channel A;BOOL;0.101797.0
4762;Status STO valid channel B;BOOL;0.101801.0
4763;Status feedback STO channel A;BOOL;0.101805.0
4765;Diagnostic category: Safety STO setpoint Off but voltage detected at output channel A/B;UINT;0.101808.0
4766;Status feedback STO channel B;BOOL;0.101809.0
4768;Voltage Low Side IGBT Driver channel A;REAL;0.101817.0
4770;Voltage High Side IGBT Driver channel B;REAL;0.101821.0
4772;Diagnostic category: Safety STO setpoint On but no voltage detected at the output channel A/B;UINT;0.101832.0
4775;Safe EnDat serial number;UINT;0.101849.0
4776;Active Safe EnDat serial number;UINT;0.101853.0
4778;Diagnostic category: Safety STO voltage limit is exceeded channel A/B;UINT;0.101856.0
4779;Safe EnDat zero point offset;LINT;0.101857.0
4780;Active Safe EnDat zero point offset;LINT;0.101861.0
4783;Active error reaction: Safety EnDat no safe encoder detected channel A/B;UINT;0.101869.0
4784;Active error reaction: Safety EnDat validated and read SiL EnDat parameter number are different channel A/B;UINT;0.101873.0
4786;Active error reaction: Safety EnDat step monitoring error channel A/B;UINT;0.101881.0
4788;Diagnostic category: Safety EnDat Step monitoring channel A/B;UINT;0.101887.0
4791;Digital output status channel A;BOOL;0.101915.0
4792;Digital output status channel A;BOOL;0.101915.1
4793;Digital output status channel A;BOOL;0.101915.2
4794;Digital output status channel A;BOOL;0.101915.3
4795;Digital output status channel A;BOOL;0.101915.4
4796;Digital output status channel A;BOOL;0.101915.5
4797;Digital output status channel A;BOOL;0.101915.6
4798;Digital output status channel A;BOOL;0.101915.7
4799;Digital output status channel A;BOOL;0.101915.8
4800;Digital output status channel A;BOOL;0.101915.9
4802;Status 2-Ch output channel A;BOOL;0.101919.0
4803;Status 2-Ch output channel A;BOOL;0.101919.1
4804;Status 2-Ch output channel A;BOOL;0.101919.2
4805;Diagnostic category: Safety EnDat no safe encoder detected channel A/B;UINT;0.101920.0
4806;Status digital output channel B;BOOL;0.101923.0
4807;Status digital output channel B;BOOL;0.101923.1
4808;Status digital output channel B;BOOL;0.101923.2
4809;Status digital output channel B;BOOL;0.101923.3
4810;Status digital output channel B;BOOL;0.101923.4
4811;Status digital output channel B;BOOL;0.101923.5
4812;Status digital output channel B;BOOL;0.101923.6
4813;Status digital output channel B;BOOL;0.101923.7
4814;Status digital output channel B;BOOL;0.101923.8
4815;Status digital output channel B;BOOL;0.101923.9
4816;Digital output status channel B;BOOL;0.101931.0
4817;Digital output status channel B;BOOL;0.101931.1
4818;Digital output status channel B;BOOL;0.101931.2
4820;Diagnostic category: Safety EnDat Validated and read serial number are different channel A/B;UINT;0.101944.0
4825;Hard Fault Exception Argument1;UDINT;0.102020.0
4826;Hard Fault Exception Argument1;UDINT;0.102020.1
4827;Hard Fault Exception Argument2;UDINT;0.102022.0
4828;Hard Fault Exception Argument2;UDINT;0.102022.1
4829;Hard Fault Exception Argument3;UDINT;0.102024.0
4830;Hard Fault Exception Argument3;UDINT;0.102024.1
4831;Hard Fault Exception Argument4;UDINT;0.102026.0
4832;Hard Fault Exception Argument4;UDINT;0.102026.1
4833;Active error reaction: Safety Invalid firmware channel A/B;UINT;0.102028.0
4834;Activation Legacy Mode Station Alias;BOOL;0.7610.0
4835;Trace channel bitmask;ULINT;0.5520.0
4836;Aktive trace channel bitmask;ULINT;0.5521.0
4837;CiP Sync: Timestamp associated with the position setpoint;UDINT;0.303303.0
4838;CiP Sync: Sync interval;REAL;0.303305.0
4839;CiP Sync: PTP timestamp (us);ULINT;0.303306.0
4841;Diagnostic category: Invalid device parameter;UINT;0.102883.0
4843;Safety Compatibility Index HW;UINT;0.102030.0
4846;Amplification gain analog input;REAL;0.201.0
4847;Offset analog input;REAL;0.202.0
4848;Scaled value analog input;REAL;0.206.0
4851;Dead zone analog input;REAL;0.102046.0
4852;Filter time constant analog input;REAL;0.102096.0
4853;Activation Save data recording;BOOL;0.102260.0
4854;ModBus TCP timeout;REAL;0.102393.0
4855;Data recording storage status;UDINT;0.102403.0
4856;Time stamp Data recording storage;LINT;0.102411.0
4859;Status synchronization;UDINT;0.102476.0
4866;Safety telegram selection;UINT;0.11280205.0
4867;Safety active telegram selection;UINT;0.112802051.0
4868;F Device Destination Address;UINT;0.40040.0
4869;F Device Source Address;UINT;0.40041.0
4871;Actual supply voltage channel A;REAL;0.100053.4
4872;Actual supply voltage channel B;REAL;0.100065.4
4874;Diagnostic category: Safety Overvoltage channel A/B;UINT;0.100106.4
4876;Diagnostic category: Safety Undervoltage channel A/B;UINT;0.100130.4
4877;Temperature channel A;REAL;0.100253.1
4879;Diagnostic category: Mismatch of safety destination address (F_Dest_Add) channel A/B;UINT;0.100259.0
4880;Temperature channel B;REAL;0.100269.1
4882;Diagnostic category: Safety destination address not valid (F_Dest_Add) channel A/B;UINT;0.100278.0
4884;Diagnostic category: Safety Source address not valid (F_Source_Add) channel A/B;UINT;0.100290.0
4887;Diagnostic category: Safety Overtemperature channel A/B;UINT;0.100301.1
4888;Diagnostic category: Safety Watchdog time value is 0 ms (F_WD_Time) channel A/B;UINT;0.100302.0
4890;Diagnostic category: Parameter F_SIL exceeds SIL from specific device application channel A/B;UINT;0.100314.0
4892;Diagnostic category: Version of F parameter set incorrect channel A/B;UINT;0.100326.0
4894;Diagnostic category: Parameter F_CRC_Length does not match the generated values channel A/B;UINT;0.100338.0
4897;Diagnostic category: Safety Undertemperature channel A/B;UINT;0.100349.1
4898;Diagnostic category: Data inconsistent in received F-Parameter block (CRC1 error) channel A/B;UINT;0.100350.0
4900;Diagnostic category: Device specific or unspecified diagnosis information channel A/B;UINT;0.100362.0
4902;Diagnostic category: Save iParameter watchdog time exceeded channel A/B;UINT;0.100374.0
4904;Diagnostic category: Restore iParameter watchdog time exceeded channel A;UINT;0.100386.0
4906;Diagnostic category: Inconsistent iParameters (iParCRC error) channel A/B;UINT;0.100398.0
4908;Diagnostic category: F_Block_ID not supported channel A/B;UINT;0.100410.0
4910;Diagnostic category: Transmission error: data inconsistent (CRC2 error) channel A/B;UINT;0.100422.0
4912;Diagnostic category: Transmission error: timeout (F_WD_Time or F_WD_Time_2 elapsed) channel A/B;UINT;0.100434.0
4914;Diagnostic category: Acknowledge needed to enable the channel(s) channel A/B;UINT;0.100446.0
4916;Diagnostic category: BaseID not valid or mismatch of the BaseID channel A/B;UINT;0.100458.0
4917;Input Mapping SIN0 A/B;DINT;0.100540.0
4918;Input Mapping SIN1 A/B;DINT;0.100542.0
4919;Input Mapping SIN2 A/B;DINT;0.100546.0
4920;Input Mapping SIN3 A/B;DINT;0.100550.0
4921;Active input mapping SIN0 A/B;DINT;0.100667.0
4922;Active input mapping SIN1 A/B;DINT;0.100671.0
4923;Active input mapping SIN2 A/B;DINT;0.100674.0
4924;Active input mapping SIN3 A/B;DINT;0.100676.0
4933;Active error reaction: Safety Overtemperature channel A/B;UINT;0.100959.1
4934;Active error reaction: Safety Undertemperature channel A/B;UINT;0.101005.1
4935;Active error reaction: Safety Overvoltage channel A/B;UINT;0.101013.4
4936;Active error reaction: Safety Undervoltage channel A/B;UINT;0.101021.4
4937;Input mapping SIN4;DINT;0.102050.0
4938;Active input mapping SIN4;DINT;0.102051.0
4939;Active error reaction: Safety Invalid input configuration channel A/B;UINT;0.102055.0
4940;Actual cross comparison channel A;UDINT;0.102059.0
4942;Diagnosis category: Safety Invalid input configuration channel A/B;UINT;0.102062.0
4943;Actual cross comparison channel B;UDINT;0.102063.0
4944;Safety control interface;UDINT;0.102067.0
4945;Active safety control interface;UDINT;0.102069.0
4950;Hard Fault Cause 2;UDINT;0.102093.0
4951;Hard Fault Cause 2;UDINT;0.102093.1
4955;Active gear factor index;USINT;0.102446.0
4956;Active gear factor index;USINT;0.102446.1
4957;Active error reaction: Safety Mismatch of safety destination address (F_Dest_Add) channel A/B;UINT;0.102452.0
4958;Active error reaction: Safety Destination address not valid (F_Dest_Add) channel A/B;UINT;0.102462.0
4959;Active error reaction: Safety F_Block_ID not supported channel A/B;UINT;0.102465.0
4960;Active error reaction: Safety Source address not valid (F_Source_Add) channel A/B;UINT;0.102469.0
4961;Active error reaction: Safety Watchdog time value is 0 ms (F_WD_Time) channel A/B;UINT;0.102470.0
4962;Active error reaction: Safety Parameter F_SIL exceeds SIL from specific device application channel A/B;UINT;0.102473.0
4963;Active error reaction: Safety Version of F parameter set incorrect channel A/B;UINT;0.102480.0
4964;Active error reaction: Safety BaseID not valid or mismatch of the BaseID channel A/B;UINT;0.102484.0
4965;Active error reaction: Safety Parameter F_CRC_Length does not match the generated values channel A/B;UINT;0.102488.0
4966;Active error reaction: Safety Data inconsistent in received F-Parameter block (CRC1 error) channel A/B;UINT;0.102496.0
4967;Active error reaction: Safety Device specific or unspecified diagnosis information channel A/B;UINT;0.102500.0
4968;Active error reaction: Safety Save iParameter watchdog time exceeded channel A/B;UINT;0.102508.0
4969;Active error reaction: Safety Restore iParameter watchdog time exceeded channel A/B;UINT;0.102516.0
4970;Active error reaction: Safety Inconsistent iParameters (iParCRC error) channel A/B;UINT;0.102520.0
4971;Active error reaction: Safety Transmission error: data inconsistent (CRC2 error) channel A/B;UINT;0.102528.0
4972;Active error reaction: Safety Transmission error: timeout (F_WD_Time or F_WD_Time_2 elapsed) channel A/B;UINT;0.102532.0
4973;Active error reaction: Safety Acknowledge needed to enable the channel(s) channel A/B;UINT;0.102534.0
4974;F Device Address Type;UDINT;0.11280209.0
4975;Active F Device Destination Address;UINT;0.11280211.0
4976;Active F Device Source Address;UINT;0.11280212.0
4977;Active F Device Address Type;UDINT;0.11280213.0
4983;Trace channel bitmask;ULINT;0.5520.0
4984;Aktive trace channel bitmask;ULINT;0.5521.0
5017;NOC motor reference configuration;STRING(32);0.32410.0
5018;NOC motor reference configuration;STRING(32);0.32410.1
5019;NOC motor reference configuration;STRING(32);0.32410.2
5020;Safety type plate bit field;UINT;0.7431.0
5021;Safety type plate bit field;UINT;0.7431.1
5022;Safety type plate CRC;UDINT;0.7432.0
5023;Safety type plate CRC;UDINT;0.7432.1
5025;Activation user data;BOOL;0.64140.0
5026;Activation user data;BOOL;0.64140.1
5044;Diagnostic category: Parameterisation braking resistor pulse energy;UINT;0.102676.0
5046;Diagnostic category: Parameterisation braking resistor pulse energy;UINT;0.102688.0
5047;Debug U32;UDINT;0.102706.0
5048;Debug I32;DINT;0.102708.0
5049;Debug U16;UINT;0.102709.0
5050;Debug I16;INT;0.102710.0
5054;Active error response: Error telegram number mismatch channel A/B;UINT;0.102550.0
5056;Diagnostic category: Telegram number mismatch channel A/B;UINT;0.102586.0
5060;Hard Fault Register PC;UDINT;0.102662.0
5061;Hard Fault Register PC;UDINT;0.102662.1
5062;Hard Fault Register DFSR;UDINT;0.102664.0
5063;Hard Fault Register DFSR;UDINT;0.102664.1
5064;Hard Fault Exception Timestamp;UDINT;0.102665.0
5065;Hard Fault Exception Timestamp;UDINT;0.102665.1
5066;Active activation extended encoder resolution;BOOL;0.102707.0
5067;Active activation extended encoder resolution;BOOL;0.102707.1
5068;Active extended encoder resolution;UDINT;0.102711.0
5069;Active extended encoder resolution;UDINT;0.102711.1
5095;Activation of Nullimplus encoder;BOOL;0.102795.0
5096;Activation of Nullimplus encoder;BOOL;0.102795.1
5099;Diagnostic category: BiSS-C encoder error;UINT;0.102791.0
5101;Diagnostic category: BiSS-C encoder warning;UINT;0.102793.0
5103;Activation Identification code;BOOL;0.102760.0
5104;Activation EtherNet/IP;BOOL;0.102726.0
5106;Diagnostic category: Safety parameter set saved by user;UINT;0.102756.0
5107;Parameter set Hash;UDINT;0.102764.0
5108;Identification code;USINT;0.102761.0
5109;Safety ID certified device;UDINT;0.102767.0
5111;Diagnostic category: Safety Non-certified device;UINT;0.102773.0
5112;Active error response: Safety Non-certified device;UINT;0.102774.0
5113;Safety Index ReInit error channel A;UINT;0.102775.0
5114;Safety Index ReInit error channel B;UINT;0.102776.0
5121;Safety parameter set version;UDINT;0.102712.0
5122;Active safety parameter set version;UDINT;0.102713.0
5123;Expected safety parameter set version;UDINT;0.102714.0
5124;Active error response: Safety parameter set version New channel A/B;UINT;0.102718.0
5125;Active error response: Safety parameter set version Old channel A/B;UINT;0.102722.0
5127;Diagnostic category: Safety parameter set version New channel A/B;UINT;0.102725.0
5129;Diagnostic category: Safety parameter set version Old channel A/B;UINT;0.102749.0
11000;Counter overruns 32-bit;DINT;1.11.0
11001;Use of user specific motor data;BOOL;1.14.0
11002;Switch-on delay holding brake 1;REAL;1.20.0
11003;Switch-off delay holding brake 1;REAL;1.21.0
11004;Switch-on delay holding brake 2;REAL;1.22.0
11005;Switch-off delay holding brake 2;REAL;1.23.0
11006;Status holding brake 1;UDINT;1.24.0
11007;Status holding brake 2;UDINT;1.25.0
11008;Status holding brakes 1 and 2;UDINT;1.26.0
11011;Selection of holding brake;UDINT;1.29.0
11017;Power output stage control status;UDINT;1.35.0
11021;Actual phase U current value;REAL;1.39.0
11022;Filter frequency notch filter;REAL;1.40.0
11024;Controller operating status;UDINT;1.42.0
11026;Change closed loop parameter set status;BOOL;1.44.0
11027;Diagnostic category: Resolution of position factorgroup invalid;UINT;1.45.0
11028;Storage option: Resolution of position factorgroup invalid;USINT;1.46.0
11031;Band width of notch filter;REAL;1.49.0
11032;Notch filter output active current;REAL;1.50.0
11033;Activation of notch filter;BOOL;1.51.0
11034;Setpoint value active current unfiltered;REAL;1.52.0
11035;Current controller amplification gain (reactive current);REAL;1.80.0
11036;Current controller integration constant (reactive current);REAL;1.81.0
11037;Current controller amplification gain (active current);REAL;1.82.0
11038;Current controller integration constant (active current);REAL;1.83.0
11039;Setpoint value voltage Ud ;REAL;1.84.0
11040;Setpoint value voltage Uq ;REAL;1.85.0
11041;Setpoint value active current;REAL;1.86.0
11042;Setpoint value reactive current;REAL;1.87.0
11043;Maximum output voltage;REAL;1.88.0
11044;Actual Clarke-Transformation Ia current value;REAL;1.89.0
11045;Setpoint position;LINT;1.90.0
11046;Setpoint velocity;REAL;1.91.0
11047;Setpoint acceleration;REAL;1.92.0
11048;Setpoint jerk;REAL;1.93.0
11049;Setpoint torque;REAL;1.94.0
11050;Setpoint current;REAL;1.95.0
11051;Fine interpolator output position;LINT;1.100.0
11052;Fine interpolator output velocity;REAL;1.101.0
11053;Fine interpolator output acceleration;REAL;1.102.0
11054;Fine interpolator output jerk;REAL;1.103.0
11055;Fine interpolator output torque;REAL;1.104.0
11056;Fine interpolator output current;REAL;1.105.0
11058;Fine interpolator status;UDINT;1.107.0
11061;Selection encoder channel 1 position;UDINT;1.122.0
11062;Selection encoder channel 2 position;UDINT;1.123.0
11067;Actual position value encoder channel 1;LINT;1.128.0
11068;Actual position value encoder channel 2;LINT;1.129.0
11069;Actual torque value motor shaft;REAL;1.150.0
11070;Actual torque value gear shaft;REAL;1.151.0
11071;Motion Manager status;UDINT;1.171.0
11072;Active motion task;UDINT;1.172.0
11073;Active motion task status;UDINT;1.173.0
11080;Position controller amplification gain;REAL;1.220.0
11081;Dead zone position controller;LINT;1.221.0
11082;Minimum correction velocity;REAL;1.222.0
11083;Maximum correction velocity;REAL;1.223.0
11084;Velocity controller amplification gain;REAL;1.224.0
11085;Velocity controller integration constant;REAL;1.225.0
11086;Position controller amplification gain;REAL;1.226.0
11094;Setpoint value reactive current;REAL;1.270.0
11095;Material number power unit;UDINT;1.280.0
11096;Order code power unit;STRING(50);1.281.0
11097;Compatibility index power unit;UINT;1.283.0
11099;Serial number power unit;STRING(9);1.285.0
11104;Setpoint management output position;LINT;1.290.0
11105;Setpoint management output velocity;REAL;1.291.0
11106;Setpoint management output acceleration;REAL;1.292.0
11107;Setpoint management output jerk;REAL;1.293.0
11108;Setpoint management output torque;REAL;1.294.0
11109;Setpoint management output current;REAL;1.295.0
11110;Setpoint management control structure;UDINT;1.296.0
11111;Setpoint management controller operating status;UDINT;1.297.0
11112;Status setpoint sources;UDINT;1.298.0
11113;Actual phase V current value;REAL;1.310.0
11122;Maximum motor torque/servo drive;REAL;1.381.0
11123;Maximum motor velocity;REAL;1.382.0
11124;STO hysteresis time;REAL;1.390.0
11125;STO discrepancy time;REAL;1.391.0
11126;STO safety status;UDINT;1.392.0
11127;STO error status;UDINT;1.393.0
11128;STO signal status;UDINT;1.394.0
11134;SBC hysteresis time;REAL;1.430.0
11135;SBC safety status;UDINT;1.431.0
11136;SBC error status;UDINT;1.432.0
11137;SBC signal status;UDINT;1.433.0
11141;SBC discrepancy time;REAL;1.437.0
11144;Movement monitoring status;UDINT;1.460.0
11145;Configuration word movement monitoring;UDINT;1.461.0
11146;Damping time position: following error;REAL;1.462.0
11147;Monitoring window position: following error;REAL;1.463.0
11148;Monitoring window velocity: following error;REAL;1.464.0
11149;Standstill damping time;REAL;1.465.0
11150;Monitoring window velocity standstill monitoring;REAL;1.466.0
11151;Monitoring window position standstill;REAL;1.467.0
11152;Damping time target reached;REAL;1.468.0
11153;Monitoring window target position;REAL;1.469.0
11154;Device control status;UDINT;1.530.0
11155;Encoder emulation source;UDINT;1.581.0
11156;Activate encoder emulation output;BOOL;1.583.0
11157;Position difference encoder emulation output;DINT;1.585.0
11158;Increments per revolution;UINT;1.586.0
11159;Maximum current motor;REAL;1.620.0
11160;Motor nominal current;REAL;1.621.0
11161;Maximum current servo drive;REAL;1.622.0
11162;Nominal current servo drive;REAL;1.623.0
11163;Resulting maximum current;REAL;1.624.0
11164;Resulting minimum current;REAL;1.625.0
11165;Resulting nominal current;REAL;1.626.0
11168;Scaling factor start value I²t monitoring motor;REAL;1.631.0
11169;Limit value I²t monitoring motor;REAL;1.632.0
11170;Scaling factor maximum value after switching on;REAL;1.633.0
11171;Actual value I²t monitoring motor;REAL;1.634.0
11172;Scaling factor warning limit I²t monitoring motor;REAL;1.635.0
11173;Maximum I²t time;REAL;1.636.0
11174;Scaling factor start value I²t monitoring power output stage;REAL;1.637.0
11175;Limit value I²t monitoring power output stage;REAL;1.638.0
11176;Scaling factor maximum value after switching on;REAL;1.639.0
11177;Status of state machine commutation finding;UDINT;1.660.0
11178;Commutation finding status;UDINT;1.661.0
11179;Time current increase;REAL;1.662.0
11180;Electrical Increment;REAL;1.664.0
11182;Mode;UDINT;1.668.0
11183;Velocity;REAL;1.669.0
11184;Pole pairs (user defined);UDINT;1.718.0
11185;Actual pole pairs;UDINT;1.719.0
11186;Actual Clarke-Transformation lb current value;REAL;1.810.0
11189;Actual reactive current value;REAL;1.813.0
11190;Actual active current value;REAL;1.814.0
11195;Control parameter equalisation for active and reactive current controllers;BOOL;1.819.0
11196;Functional safety status;UDINT;1.820.0
11197;Diagnostic category: Safety function requested;UINT;1.821.0
11198;Storage option: Safety function requested;USINT;1.822.0
11199;Control word Motion Manager;UDINT;1.823.0
11200;Reactive current control error;REAL;1.824.0
11201;Active current control error;REAL;1.825.0
11202;Referencing status;UDINT;1.840.0
11203;Move to axis zero point after homing;BOOL;1.841.0
11204;Homing timeout;REAL;1.842.0
11205;Search for reference mark setpoint velocity;REAL;1.843.0
11206;Search for reference mark setpoint acceleration;REAL;1.844.0
11207;Search for reference mark setpoint jerk;REAL;1.845.0
11208;Setpoint reference mark creeping velocity;REAL;1.846.0
11209;Setpoint reference mark creeping acceleration;REAL;1.847.0
11210;Setpoint reference mark creeping jerk;REAL;1.848.0
11211;Move to axis zero point setpoint velocity;REAL;1.849.0
11212;Lower limit value velocity (closed loop controller);REAL;1.850.0
11213;Upper limit value velocity (closed loop controller);REAL;1.851.0
11214;Lower limit value torque (closed loop controller);REAL;1.852.0
11215;Upper limit value torque (closed loop controller);REAL;1.853.0
11216;Lower limit value active current (closed loop controller);REAL;1.854.0
11217;Upper limit value active current (closed loop controller);REAL;1.855.0
11218;Limit value total current (closed loop controller);REAL;1.856.0
11219;Status auto tuning;USINT;1.860.0
11222;Interpolator output position;LINT;1.911.0
11223;Interpolator output velocity;REAL;1.912.0
11224;Interpolator output acceleration;REAL;1.913.0
11225;Interpolator output jerk;REAL;1.914.0
11226;Interpolator output torque;REAL;1.915.0
11227;Interpolator output current;REAL;1.916.0
11228;Counter motion task;UDINT;1.917.0
11229;Motor temperature;REAL;1.940.0
11230;Status motor temperature;DINT;1.941.0
11231;Temperature sensor type motor;UDINT;1.942.0
11234;Lower limit value warning threshold motor temperature;REAL;1.945.0
11235;Hysteresis lower limit value warning threshold motor temperature;REAL;1.946.0
11236;Lower limit value motor temperature;REAL;1.947.0
11237;Hysteresis lower limit value motor temperature;REAL;1.948.0
11238;Upper limit value warning threshold motor temperature;REAL;1.949.0
11239;SFB error status;UDINT;1.950.0
11240;Feedback signals;UDINT;1.951.0
11241;STA hysteresis time;REAL;1.952.0
11242;SBA hysteresis time;REAL;1.953.0
11246;Inactive time position setpoint value;UDINT;1.957.0
11247;Time constant velocity setpoint value filter;REAL;1.958.0
11248;Time constant acceleration setpoint value filter;REAL;1.959.0
11249;Amplification gain velocity feed forward control;REAL;1.967.0
11250;Amplification gain torque feed forward control;REAL;1.968.0
11251;Offset torque;REAL;1.969.0
11252;Total inertia;REAL;1.973.0
11253;Setpoint value friction compensation;REAL;1.974.0
11254;Setpoint value inertia compensation;REAL;1.975.0
11255;Support point velocity [rad/s];REAL;1.976.0
11256;Support point torque [Nm];REAL;1.977.0
11257;Number of support points;UDINT;1.978.0
11258;Bypass;BOOL;1.991.0
11259;First derivation;REAL;1.992.0
11260;Second derivation;REAL;1.993.0
11261;Dead zone;REAL;1.994.0
11262;Scaling factor;REAL;1.995.0
11263;Offset (analog);REAL;1.996.0
11264;Monitoring window safe zero;REAL;1.997.0
11265;Lower limit value analog input;REAL;1.998.0
11266;Upper limit value analog input;REAL;1.999.0
11267;IPO mode position;LINT;1.1140.0
11268;IPO mode velocity;REAL;1.1141.0
11269;IPO mode acceleration;REAL;1.1142.0
11270;IPO mode jerk;REAL;1.1143.0
11271;IPO mode torque;REAL;1.1144.0
11272;IPO mode current;REAL;1.1145.0
11273;IPO mode active;UDINT;1.1146.0
11274;Next IPO mode;UDINT;1.1147.0
11275;Actual IPO mode;UDINT;1.1148.0
11276;Status next IPO mode;UDINT;1.1149.0
11277;Actual user unit;UDINT;1.1150.0
11278;Selection of next user unit;UDINT;1.1151.0
11279;User unit status;UDINT;1.1152.0
11280;Actual torque constant;REAL;1.1153.0
11281;Actual pole pairs;UDINT;1.1154.0
11282;Actual denominator gear unit;REAL;1.1155.0
11283;Actual numerator gear unit;REAL;1.1156.0
11284;Actual numerator feed constant;REAL;1.1157.0
11285;Actual denominator feed constant;REAL;1.1158.0
11286;Diagnostic category: User unit error;UINT;1.1159.0
11287;Reversing direction of motion;BOOL;1.1170.0
11288;Invert encoder signal;BOOL;1.1171.0
11289;Phase rotation;BOOL;1.1172.0
11290;Reversing the direction of rotation validation status;BOOL;1.1173.0
11292;Validation status of phase rotation;BOOL;1.1175.0
11293;Database ID of axis;UDINT;1.1191.0
11294;Order code Axis;STRING(50);1.1192.0
11295;Load weight / load inertia;REAL;1.1193.0
11296;Feed constant numerator;UDINT;1.1194.0
11297;Feed constant denominator;UDINT;1.1195.0
11298;Working stroke;LINT;1.1196.0
11299;Design axis;UDINT;1.1197.0
11300;Length connecting shaft;REAL;1.1198.0
11301;Maximum driving torque axis;REAL;1.1199.0
11302;Database ID of mounting kit;UDINT;1.1200.0
11303;Order code mounting kit;STRING(37);1.1201.0
11304;Database ID connecting shaft / coupling;UDINT;1.1202.0
11305;Order code connecting shaft / coupling;STRING(37);1.1203.0
11306;Database ID cable set;UDINT;1.1204.0
11307;Order code cable set;STRING(37);1.1205.0
11308;Length motor cable;REAL;1.1206.0
11309;Status device configured;BOOL;1.1207.0
11310;Cable cross section;REAL;1.1208.0
11311;Actual velocity value encoder channel 1;REAL;1.1210.0
11312;Actual velocity value encoder channel 2;REAL;1.1211.0
11313;Electrical angle;UDINT;1.1212.0
11314;Electrical angular frequency;REAL;1.1213.0
11315;Activation referencing all encoders;BOOL;1.1214.0
11316;Display encoder referencing;UDINT;1.1215.0
11317;Database ID gear unit 1;UDINT;1.1230.0
11318;Order code gear unit 1;STRING(37);1.1231.0
11319;Conversion factor gear unit 1 numerator;UDINT;1.1232.0
11320;Conversion factor gear unit 1 denominator;UDINT;1.1233.0
11321;Database ID gear unit 2;UDINT;1.1234.0
11322;Order code gear unit 2;STRING(37);1.1235.0
11323;Conversion factor gear unit 2 numerator;UDINT;1.1236.0
11324;Conversion factor gear unit 2 denominator;UDINT;1.1237.0
11325;Database ID gear unit 3;UDINT;1.1238.0
11326;Order code gear unit 3;STRING(37);1.1239.0
11327;Conversion factor gear unit 3 numerator;UDINT;1.1240.0
11328;Conversion factor gear unit 3 denominator;UDINT;1.1241.0
11329;Total conversion factor gear unit numerator;UDINT;1.1242.0
11330;Total conversion factor gear unit denominator;UDINT;1.1243.0
11331;Velocity limitation status;BOOL;1.1301.0
11332;Acceleration limitation status;BOOL;1.1302.0
11333;Torque limitation status;BOOL;1.1303.0
11334;Limit value velocity limit positive and negative direction of movement;REAL;1.1304.0
11335;Upper limit value acceleration limitation;REAL;1.1305.0
11336;Upper limit value deceleration limitation;REAL;1.1306.0
11337;Upper limit torque limitation;REAL;1.1307.0
11338;Lower limit torque limitation;REAL;1.1308.0
11339;Mileage 1;LINT;1.1411.0
11343;Mileage warning threshold;LINT;1.1417.0
11344;Diagnostic category: Mileage warning threshold reached;UINT;1.1419.0
11345;Load change counter 1;LINT;1.1421.0
11349;Warning threshold load change counter;LINT;1.1427.0
11350;Diagnostic category: Load change warning threshold reached;UINT;1.1429.0
11351;Jog duration 1 movement;REAL;1.1510.0
11352;Slow jog 1 velocity;REAL;1.1511.0
11353;Slow jog 1 acceleration;REAL;1.1512.0
11354;Slow jog 1 jerk;REAL;1.1513.0
11355;Fast jog 1 velocity;REAL;1.1514.0
11356;Fast jog 1 acceleration;REAL;1.1515.0
11357;Fast jog 1 jerk;REAL;1.1516.0
11358;Current ramp;REAL;1.1555.0
11359;Conversion factor torque;REAL;1.1556.0
11371;Storage option: Task ignored as device not ready;USINT;1.1733.0
11380;Command record type;UDINT;1.1810.0
11381;Record number;DINT;1.1811.0
11382;Record table field 1;LINT;1.1812.0
11383;Record table field 2;LINT;1.1813.0
11384;Record table field 3;LINT;1.1814.0
11385;Record table field 4;LINT;1.1815.0
11386;Record table field 5;LINT;1.1816.0
11387;Record table field 6;LINT;1.1817.0
11388;Record table field 7;LINT;1.1818.0
11389;Record step enabling type;UDINT;1.1831.0
11390;Record sequencing record number start;DINT;1.1832.0
11391;Record sequencing record number target;DINT;1.1833.0
11392;Record sequencing field time;REAL;1.1834.0
11393;Record sequencing field 1;LINT;1.1835.0
11394;Record sequencing field 2;LINT;1.1836.0
11395;Actual record table index;DINT;1.1837.0
11396;Selection start condition record;UDINT;1.1838.0
11397;Maximum number record links;UDINT;1.1839.0
11398;Activate Event table;BOOL;1.1840.0
11399;Event type;UDINT;1.1841.0
11400;Next event target;DINT;1.1842.0
11401;Next event field time;REAL;1.1843.0
11402;Next event field 1;LINT;1.1844.0
11403;Next event field 2;LINT;1.1845.0
11404;Status of record table;UDINT;1.1846.0
11405;Diagnostic category: Record table incorrect;UINT;1.1850.0
11406;Storage option: Record table incorrect;USINT;1.1851.0
11407;Diagnostic category: Invalid record table parameter;UINT;1.1852.0
11408;Storage option: Invalid record table parameter;USINT;1.1853.0
11409;Velocity controller amplification gain;REAL;1.2210.0
11410;Velocity controller integration constant;REAL;1.2211.0
11411;Velocity control error;REAL;1.2215.0
11412;Setpoint value velocity controller;REAL;1.2216.0
11413;Position control error;LINT;1.2217.0
11414;Minimum torque;REAL;1.2218.0
11415;Maximum torque;REAL;1.2219.0
11416;Setpoint value torque;REAL;1.2220.0
11419;Current controller amplification gain (active current);REAL;1.2223.0
11420;Integration constant current controller (active current);REAL;1.2224.0
11421;Current controller amplification gain (reactive current);REAL;1.2225.0
11422;Integration constant current controller (reactive current);REAL;1.2226.0
11423;Total inertia;REAL;1.2227.0
11424;Velocity filter time constant;REAL;1.2228.0
11425;Load weight / load inertia;REAL;1.2229.0
11426;Unlimited axis;BOOL;1.2424.0
11427;Power unit dataset major version;STRING(2);1.2800.0
11428;Minor version power unit dataset;UINT;1.2801.0
11429;Major version power unit hardware;STRING(2);1.2802.0
11430;Minor version power unit hardware;UINT;1.2803.0
11437;Lower limit value minimum DC link voltage;REAL;1.2818.0
11438;Upper limit value minimum DC link voltage;REAL;1.2819.0
11445;Potential difference brake chopper ON;REAL;1.2829.0
11446;Hysteresis brake chopper ON/OFF;REAL;1.2830.0
11451;Lower limit value resistance value external braking resistor;REAL;1.2835.0
11452;Upper limit value resistance value external braking resistor;REAL;1.2836.0
11453;Nominal power external braking resistor;REAL;1.2837.0
11454;Maximum pulse energy external braking resistor;REAL;1.2838.0
11465;Upper limit value power output stage temperature;REAL;1.2850.0
11466;Lower limit value power output stage temperature;REAL;1.2851.0
11467;Upper limit value servo drive temperature;REAL;1.2852.0
11468;Lower limit value servo drive temperature;REAL;1.2853.0
11498;Setpoint generator output position;LINT;1.3010.0
11499;Setpoint generator output velocity;REAL;1.3011.0
11500;Setpoint generator output acceleration;REAL;1.3012.0
11501;Setpoint generator output jerk;REAL;1.3013.0
11502;Setpoint generator output torque;REAL;1.3014.0
11503;Setpoint generator output current;REAL;1.3015.0
11504;Setpoint generator input relative target position;LINT;1.3016.0
11505;Setpoint generator input relative target velocity;REAL;1.3017.0
11506;Status setpoint generator;UDINT;1.3018.0
11542;Activation of open loop operation;BOOL;1.4001.0
11544;Control structure of open loop operation;UDINT;1.4003.0
11545;Active control structure;UDINT;1.4004.0
11546;Selection of mode of operation open loop/closed loop;UDINT;1.4005.0
11547;Selection of mode of operation;UDINT;1.4006.0
11548;Active mode of operation;UDINT;1.4007.0
11549;Velocity switching threshold;REAL;1.4008.0
11551;Current rise time;REAL;1.4010.0
11552;Diagnostic category: Change of control structure not permissible;UINT;1.4020.0
11553;Storage option: Change of control structure not permissible;USINT;1.4021.0
11558;Current reduction activation;BOOL;1.4026.0
11559;Current reduction delay time;REAL;1.4027.0
11560;Current reduction scaling factor;REAL;1.4028.0
11564;Maximum failure Sign of Life;UINT;1.4243.0
11565;Monitoring window target velocity;REAL;1.4610.0
11566;Monitoring window target torque;REAL;1.4611.0
11567;Diagnostic category: Target position reached;UINT;1.4612.0
11568;Storage option: Target position reached;USINT;1.4613.0
11569;Diagnostic category: Target velocity reached;UINT;1.4614.0
11570;Storage option: Target velocity reached;USINT;1.4615.0
11571;Diagnostic category: Target torque reached;UINT;1.4616.0
11572;Storage option: Target torque reached;USINT;1.4617.0
11573;Diagnostic category: Standstill reached;UINT;1.4618.0
11574;Storage option: Standstill reached;USINT;1.4619.0
11575;Diagnostic category: Standstill reached and in standstill window;UINT;1.4620.0
11576;Storage option: Standstill reached and in standstill window;USINT;1.4621.0
11577;Diagnostic category: Position: following error;UINT;1.4622.0
11578;Storage option: Position: following error;USINT;1.4623.0
11579;Diagnostic category: Velocity: following error;UINT;1.4624.0
11580;Storage option: Velocity: following error;USINT;1.4625.0
11581;Stop detection limit value;REAL;1.4626.0
11582;Damping time limit detection;REAL;1.4627.0
11583;Software limit positions active;BOOL;1.4628.0
11584;Negative software limit position;LINT;1.4629.0
11585;Positive software limit position;LINT;1.4630.0
11586;Activation of automatic stop ramp software limit position;BOOL;1.4631.0
11587;Diagnostic category: Negative software limit position;UINT;1.4632.0
11588;Storage option: Negative software limit position;USINT;1.4633.0
11589;Diagnostic category: Positive software limit position;UINT;1.4634.0
11590;Storage option: Positive software limit position;USINT;1.4635.0
11591;Diagnostic category: Limitation negative direction;UINT;1.4636.0
11592;Storage option: Limitation negative direction;USINT;1.4637.0
11593;Diagnostic category: Limitation positive direction;UINT;1.4638.0
11594;Storage option: Limitation positive direction;USINT;1.4639.0
11597;Damping time encoder monitoring position;REAL;1.4642.0
11598;Monitoring window encoder monitoring position;REAL;1.4643.0
11599;Actual value position difference encoder monitoring;REAL;1.4644.0
11600;Diagnostic category: Position difference encoder 1 to encoder 2 too large;UINT;1.4645.0
11601;Storage option: Position difference encoder 1 to encoder 2 too large;USINT;1.4646.0
11602;Diagnostic category: Fixed stop not detected;UINT;1.4647.0
11603;Storage option: Fixed stop not detected;USINT;1.4648.0
11604;Diagnostic category: Monitoring window of fixed stop left;UINT;1.4649.0
11605;Storage option: Monitoring window of fixed stop left;USINT;1.4650.0
11606;Maximum velocity;REAL;1.4660.0
11607;Diagnostic category: Velocity too high;UINT;1.4661.0
11609;Monitoring window pushback;REAL;1.4663.0
11610;Damping time pushback;REAL;1.4664.0
11611;Damping time target range;REAL;1.4665.0
11612;Monitoring window target position;REAL;1.4666.0
11613;Monitoring window velocity;REAL;1.4667.0
11614;Monitoring window torque;REAL;1.4668.0
11615;Diagnostic category: Out of target range;UINT;1.4669.0
11616;Storage option: Out of target range;USINT;1.4670.0
11617;Diagnostic category: Reverse feed monitoring;UINT;1.4671.0
11618;Storage option: Reverse feed monitoring;USINT;1.4672.0
11619;Activation of automatic stop ramp stroke limit;BOOL;1.4675.0
11620;Diagnostic category: Negative stroke limit reached;UINT;1.4676.0
11621;Storage option: Negative stroke limit reached;USINT;1.4677.0
11622;Diagnostic category: Positive stroke limit reached;UINT;1.4678.0
11623;Storage option: Positive stroke limit reached;USINT;1.4679.0
11624;Actual position: following error;REAL;1.4682.0
11625;Actual velocity: following error;REAL;1.4683.0
11626;Actual stroke value;LINT;1.4684.0
11627;Limit value remaining distance monitoring;LINT;1.4685.0
11628;Diagnostic category: Residual distance too low;UINT;1.4686.0
11629;Storage option: Residual distance too low;USINT;1.4687.0
11630;Bit mask movement monitoring;UDINT;1.4688.0
11631;Movement monitoring (masked);UDINT;1.4689.0
11632;Damping time velocity: following error;REAL;1.4690.0
11633;Diagnostic category: Trajectory completed;UINT;1.4691.0
11634;Storage option: Trajectory completed;USINT;1.4692.0
11635;Fixed stop detection damping time;REAL;1.4693.0
11636;Limit value following error;REAL;1.4694.0
11639;Amplification gain encoder emulation;REAL;1.5810.0
11640;Resulting lower limit value velocity (closed loop controller);REAL;1.6100.0
11641;Resulting upper limit value velocity (closed loop controller);REAL;1.6101.0
11644;Resulting lower limit value torque (closed loop controller);REAL;1.6104.0
11645;Resulting upper limit value torque (closed loop controller);REAL;1.6105.0
11646;Diagnostic category: Torque control limitation invalid;UINT;1.6106.0
11648;Resulting lower limit value active current (closed loop controller);REAL;1.6108.0
11649;Resulting upper limit value active current (closed loop controller);REAL;1.6109.0
11650;Diagnostic category: Current control limitation invalid;UINT;1.6110.0
11652;Resulting upper limit value total current (closed loop controller);REAL;1.6112.0
11655;Actual value I²t monitoring power output stage;REAL;1.6310.0
11656;Scaling factor warning limit I²t monitoring power output stage;REAL;1.6311.0
11657;Scaling factor start value I²t monitoring power output stage at standstill;REAL;1.6313.0
11658;Limit value I²t monitoring power output stage at standstill;REAL;1.6314.0
11659;Scaling factor maximum value after drive at standstill;REAL;1.6315.0
11660;Actual value I²t monitoring power output stage at standstill;REAL;1.6316.0
11661;Scaling factor warning limit I²t monitoring drive at standstill;REAL;1.6317.0
11662;Diagnostic category: I²t monitoring: motor warning limit;UINT;1.6319.0
11663;Storage option: I²t monitoring: motor warning limit;USINT;1.6320.0
11664;Diagnostic category: I²t monitoring: motor error limit;UINT;1.6321.0
11665;Storage option: I²t monitoring: motor error limit;USINT;1.6322.0
11666;Diagnostic category: I²t monitoring: output stage warning limit;UINT;1.6323.0
11667;Storage option: I²t monitoring: output stage warning limit;USINT;1.6324.0
11668;Diagnostic category: I²t monitoring: output stage error limit;UINT;1.6325.0
11669;Storage option: I²t monitoring: output stage error limit;USINT;1.6326.0
11670;Diagnostic category: I²t monitoring: output stage v0 warning limit;UINT;1.6327.0
11671;Storage option: I²t monitoring: output stage v0 warning limit;USINT;1.6328.0
11672;Diagnostic category: I²t monitoring: output stage v0 error limit;UINT;1.6329.0
11673;Storage option: I²t monitoring: output stage v0 error limit;USINT;1.6330.0
11674;Actual value relative I²t monitoring of motor to limit;REAL;1.6331.0
11675;Actual value relative I²t monitoring of power output stage to limit;REAL;1.6332.0
11676;Actual value relative I²t monitoring of power output stage at standstill to limit;REAL;1.6333.0
11677;Actual value I²t monitoring of the total current;REAL;1.6334.0
11682;Acceleration;REAL;1.6691.0
11683;Jerk;REAL;1.6692.0
11684;Monitoring window angle;REAL;1.6693.0
11685;Factor current setpoint value;REAL;1.6694.0
11686;Motor inertia (user defined);REAL;1.7111.0
11687;Actual motor inertia;REAL;1.7112.0
11688;Phase sequence (user defined);BOOL;1.7114.0
11689;Actual phase sequence;BOOL;1.7115.0
11690;Nominal current (user defined);REAL;1.7117.0
11691;Actual nominal current;REAL;1.7118.0
11692;Maximum peak current (user defined);REAL;1.7120.0
11693;Actual maximum current;REAL;1.7121.0
11694;Maximum rpm (user defined);REAL;1.7123.0
11695;Actual maximum velocity;REAL;1.7124.0
11696;Nominal rotary velocity (user defined);REAL;1.7126.0
11697;Actual nominal velocity;REAL;1.7127.0
11698;Winding inductance (user defined);REAL;1.7129.0
11699;Actual winding inductance;REAL;1.7130.0
11700;Winding resistance (user defined);REAL;1.7132.0
11701;Actual winding resistance;REAL;1.7133.0
11702;Torque constant (user defined);REAL;1.7135.0
11703;Actual torque constant;REAL;1.7136.0
11704;Resulting nominal torque;REAL;1.7139.0
11705;Resulting maximum torque;REAL;1.7142.0
11706;Time constant I²t (user defined);REAL;1.7144.0
11707;Actual time constant I²t;REAL;1.7145.0
11708;Winding temperature (user defined);REAL;1.7147.0
11709;Actual winding temperature;REAL;1.7148.0
11710;Temperature sensor (user defined);UDINT;1.7153.0
11711;Actual temperature sensor motor;UDINT;1.7154.0
11712;Temperature sensor characteristic (user defined);REAL;1.7156.0
11713;Actual temperature sensor characteristic motor;REAL;1.7157.0
11714;Holding brake (user defined);BOOL;1.7159.0
11715;Holding brake;BOOL;1.7160.0
11716;Switch-on delay holding brake 1 (user defined);REAL;1.7162.0
11717;Actual switch-on delay holding brake 1;REAL;1.7163.0
11718;Switch-off delay holding brake 1 (user defined);REAL;1.7165.0
11719;Actual switch-off delay holding brake 1;REAL;1.7166.0
11720;Order code motor (user defined);STRING(32);1.7182.0
11721;Database ID motor (user defined);UDINT;1.7184.0
11722;Actual order code motor;STRING(32);1.7188.0
11723;Actual database ID motor;UDINT;1.7189.0
11724;Resolution position;SINT;1.7841.0
11725;Resolution velocity;SINT;1.7842.0
11726;Resolution acceleration;SINT;1.7843.0
11727;Resolution jerk;SINT;1.7844.0
11728;Move to axis zero point setpoint acceleration;REAL;1.8410.0
11729;Search for move to axis zero point setpoint jerk;REAL;1.8411.0
11730;Maximum search stroke in positive direction;LINT;1.8412.0
11731;Maximum search stroke in negative direction;LINT;1.8413.0
11732;Nominal current limit value scaling factor;REAL;1.8414.0
11733;Limit position detection time monitoring window;REAL;1.8415.0
11734;Axis zero point offset;LINT;1.8416.0
11735;Referencing method;DINT;1.8417.0
11736;Status state machine homing;UDINT;1.8418.0
11739;Deactivate encoder emulation during homing;BOOL;1.8421.0
11742;Diagnostic category: Configuration of homing run invalid;UINT;1.8450.0
11743;Storage option: Configuration of homing run invalid;USINT;1.8451.0
11744;Diagnostic category: Homing: Timeout;UINT;1.8452.0
11745;Storage option: Homing: Timeout;USINT;1.8453.0
11746;Diagnostic category: Homing: Search path exceeded;UINT;1.8454.0
11747;Storage option: Homing: Search path exceeded;USINT;1.8455.0
11748;Result of position controller amplification gain;REAL;1.8601.0
11749;Result of velocity controller integration constant;REAL;1.8602.0
11750;Result of velocity controller amplification gain;REAL;1.8603.0
11752;Storage option: Transmission of auto tuning measured values failed;USINT;1.8605.0
11753;Start value position controller amplification gain;REAL;1.8611.0
11754;Start value velocity controller amplification gain;REAL;1.8612.0
11755;Start value velocity controller integration constant;REAL;1.8613.0
11756;Filter time constant velocity controller;REAL;1.8614.0
11757;Filter time constant noise signal generator;REAL;1.8615.0
11758;Noise signal generator amplification gain;REAL;1.8616.0
11759;Signal selection noise signal generator;USINT;1.8617.0
11760;Time delay noise signal for the start identification;REAL;1.8618.0
11761;Identification with movement;BOOL;1.8619.0
11762;Number of identifications for averaging;USINT;1.8620.0
11763;Maximum movement stroke during the identification;LINT;1.8621.0
11764;Maximum velocity during the identification;REAL;1.8622.0
11765;Maximum acceleration during the identification;REAL;1.8623.0
11766;Maximum deceleration during the identification;REAL;1.8624.0
11767;Maximum jerk during the identification;REAL;1.8625.0
11768;Number of validation movements;USINT;1.8630.0
11769;Movement stroke during validation movement;LINT;1.8631.0
11770;Maximum velocity during validation movement;REAL;1.8632.0
11771;Maximum acceleration during validation movement;REAL;1.8633.0
11772;Maximum deceleration during validation movement;REAL;1.8634.0
11773;Maximum jerk during validation movement;REAL;1.8635.0
11782;Hysteresis upper limit value warning threshold motor temperature;REAL;1.9410.0
11783;Upper limit value motor temperature;REAL;1.9411.0
11784;Hysteresis upper limit value motor temperature;REAL;1.9412.0
11785;Diagnostic category: Warning threshold: Insufficient temperature in motor;UINT;1.9413.0
11786;Storage option: Warning threshold: Insufficient temperature in motor;USINT;1.9414.0
11787;Diagnostic category: Insufficient temperature in motor;UINT;1.9415.0
11788;Storage option: Insufficient temperature in motor;USINT;1.9416.0
11789;Diagnostic category: Warning threshold: Motor overtemperature;UINT;1.9417.0
11790;Storage option: Warning threshold: Motor overtemperature;USINT;1.9418.0
11791;Diagnostic category: Motor overtemperature;UINT;1.9419.0
11792;Storage option: Motor overtemperature;USINT;1.9420.0
11793;Active encoder temperature monitoring motor;UDINT;1.9421.0
11794;Activation analog input;BOOL;1.9910.0
11795;Alternative setpoint value;REAL;1.9911.0
11796;Setpoint value analog input;REAL;1.9912.0
11797;Diagnostic category: Analog setpoint specification limit exceeded;UINT;1.9913.0
11798;Storage option: Analog setpoint specification limit exceeded;USINT;1.9914.0
11800;Device status IO;UDINT;1.10231.0
11801;Controller enable selection;UDINT;1.10232.0
11802;Controller enable operating mode;UDINT;1.10234.0
11803;Target velocity for controller enable (velocity operation);REAL;1.10235.0
11804;Target torque for controller enable (torque operation);REAL;1.10236.0
11805;Maximum velocity for controller enable (torque operation);REAL;1.10237.0
11806;Index for controller enable;DINT;1.10238.0
11807;Request directional lock;DINT;1.10351.0
11808;Active directional lock;DINT;1.10352.0
11809;Status directional lock;DINT;1.10353.0
11812;Default value target position;LINT;1.10361.0
11813;Default value maximum velocity;REAL;1.10362.0
11814;Default value maximum acceleration;REAL;1.10363.0
11815;Default value maximum deceleration;REAL;1.10364.0
11816;Default value maximum jerk;REAL;1.10365.0
11817;Default value target velocity;REAL;1.10366.0
11818;Default value activation stroke limitation;BOOL;1.10367.0
11819;Default value negative stroke limit;LINT;1.10368.0
11820;Default value positive stroke limit;LINT;1.10369.0
11821;Default value target torque;REAL;1.10370.0
11822;Default value Torque rise ramp;REAL;1.10371.0
11823;IPO mode (status);UDINT;1.11410.0
11824;Interpolation step size;UDINT;1.11411.0
11827;Timing tolerance;DINT;1.11417.0
11828;Interpolation step loss counter;DINT;1.11418.0
11829;Storage option: User unit error;USINT;1.11590.0
11830;Denominator gear unit (user defined);UDINT;1.11591.0
11831;Numerator gear unit (user defined);UDINT;1.11592.0
11832;Numerator feed constant (user defined);UDINT;1.11593.0
11833;Denominator feed constant (user defined);UDINT;1.11594.0
11834;Deceleration Stop ramp;REAL;1.12101.0
11835;Jerk Stop ramp;REAL;1.12111.0
11836;Stop ramp velocity;REAL;1.12112.0
11837;Stop position;LINT;1.12201.0
11838;Stop ramp time;REAL;1.12202.0
11841;Status Stop ramp;UDINT;1.12205.0
11842;Factor extrapolation stop ramp;REAL;1.12206.0
11843;Storage option: Mileage warning threshold reached;USINT;1.14110.0
11844;Mileage error threshold;LINT;1.14111.0
11845;Diagnostic category: Mileage error threshold reached;UINT;1.14113.0
11846;Storage option: Mileage error threshold reached;USINT;1.14114.0
11847;Storage option: Load change warning threshold reached;USINT;1.14210.0
11848;Error threshold load change counter;LINT;1.14211.0
11849;Diagnostic category: Load change error threshold reached;UINT;1.14213.0
11850;Storage option: Load change error threshold reached;USINT;1.14214.0
11851;Drive object data;UINT;1.24124.0
11852;Drive unit data;UINT;1.24125.0
11853;Assignment controller enable;UINT;1.24126.0
11857;Upper limit value minimum load voltage;REAL;1.28120.0
11858;Lower limit value minimum load voltage;REAL;1.28121.0
11859;Upper limit value maximum load voltage;REAL;1.28130.0
11860;Lower limit value maximum load voltage;REAL;1.28131.0
11861;Lower limit value maximum DC link voltage;REAL;1.28180.0
11862;Upper limit value maximum DC link voltage;REAL;1.28181.0
11863;Upper limit value warning threshold maximum DC link voltage;REAL;1.28200.0
11864;Lower limit value warning threshold maximum DC link voltage;REAL;1.28201.0
11868;Upper limit value brake chopper ON;REAL;1.28280.0
11869;Lower limit value brake chopper ON;REAL;1.28281.0
11872;Diagnostic category: Trajectory generator error;UINT;1.30127.0
11873;Storage option: Trajectory generator error;USINT;1.30128.0
11874;Monitoring window factor;REAL;1.30129.0
11889;Velocity limitation active;BOOL;1.52675.0
11890;Current limitation active;BOOL;1.52676.0
11891;Diagnostic category: Limit for velocity or current active;UINT;1.52677.0
11892;Storage option: Limit for velocity or current active;USINT;1.52678.0
11893;Voltage limitation filter time constant;REAL;1.52679.0
11894;Voltage limitation Ud active;BOOL;1.52680.0
11895;Voltage limitation Uq active;BOOL;1.52681.0
11896;Diagnostic category: Voltage limitation active;UINT;1.52682.0
11897;Storage option: Voltage limitation active;USINT;1.52683.0
11898;UINT8;USINT;1.66003.0
11899;UINT16;UINT;1.66008.0
11900;UINT32;UDINT;1.66009.0
11901;INT8;SINT;1.66010.0
11902;INT16;INT;1.66012.0
11903;INT32;DINT;1.66013.0
11904;BOOL;BOOL;1.66015.0
11905;UINT8 (Array);USINT;1.66016.0
11906;UINT16 (Array);UINT;1.66017.0
11907;UINT32 (Array);UDINT;1.66018.0
11908;INT8 (Array);SINT;1.66019.0
11909;INT16 (Array);INT;1.66053.0
11910;INT32 (Array);DINT;1.66055.0
11911;BOOL (Array);BOOL;1.66056.0
11916;Diagnostic value test 1;UINT;1.66061.0
11917;Diagnostic value test 2;UINT;1.66062.0
11918;Nominal motor voltage (user defined);REAL;1.71421.0
11919;Actual nominal motor voltage;REAL;1.71422.0
11920;Continuous current (user defined);REAL;1.71424.0
11921;Actual continuous current;REAL;1.71425.0
11922;Actual Lq inductance;REAL;1.71426.0
11923;Actual Ld inductance;REAL;1.71427.0
11924;Actual motor type;USINT;1.71428.0
11925;Diagnostic category: Motor type is not supported;UINT;1.71429.0
11926;Lq inductance (user defined);REAL;1.71430.0
11927;Ld inductance (user defined);REAL;1.71431.0
11928;Motor type;USINT;1.71432.0
11929;Storage option: Motor type is not supported;USINT;1.71433.0
11930;Configure negative hardware limit switch;UDINT;1.101100.0
11931;Configure positive hardware limit switch;UDINT;1.101101.0
11932;Diagnostic category: Negative hardware limit switch reached;UINT;1.101102.0
11933;Storage option: Negative hardware limit switch reached;USINT;1.101103.0
11934;Diagnostic category: Limitation by negative hardware limit switch;UINT;1.101104.0
11935;Storage option: Limitation by negative hardware limit switch;USINT;1.101105.0
11936;Diagnostic category: Positive hardware limit switch reached;UINT;1.101106.0
11937;Storage option: Positive hardware limit switch reached;USINT;1.101107.0
11938;Diagnostic category: Limitation by positive hardware limit switch;UINT;1.101108.0
11939;Storage option: Limitation by positive hardware limit switch;USINT;1.101109.0
11940;Diagnostic category: Error: both hardware limit switches activated;UINT;1.101110.0
11941;Storage option: Error: both hardware limit switches activated;USINT;1.101111.0
11942;Negative hardware limit switch detected;BOOL;1.101112.0
11943;Positive hardware limit switch detected;BOOL;1.101113.0
11944;Negative limit switch position detected;LINT;1.101114.0
11945;Positive limit switch position detected;LINT;1.101115.0
11946;Activation of hardware limit switch monitoring;BOOL;1.101116.0
11947;Reference switch configuration;UDINT;1.101200.0
11948;Reference switch status;BOOL;1.101201.0
11949;Activation of field weakening;BOOL;1.102201.0
11950;Field weakening status;BOOL;1.102202.0
11960;Position trigger mode;UINT;1.112700.0
11961;Position trigger mode;UINT;1.112700.1
11962;Position trigger source;UINT;1.112701.0
11963;Position trigger source;UINT;1.112701.1
11964;Upper limit value modulo;LINT;1.112702.0
11965;Upper limit value modulo;LINT;1.112702.1
11966;Lower limit value modulo;LINT;1.112703.0
11967;Lower limit value modulo;LINT;1.112703.1
11968;Inactive time compensation of first switching point;REAL;1.112704.0
11969;Inactive time compensation of first switching point;REAL;1.112704.1
11970;Inactive time compensation of second switching point;REAL;1.112705.0
11971;Inactive time compensation of second switching point;REAL;1.112705.1
11972;Hysteresis;LINT;1.112706.0
11973;Hysteresis;LINT;1.112706.1
11974;Switching time (manual);REAL;1.112707.0
11975;Switching time (manual);REAL;1.112707.1
11976;Selection of switching function;UINT;1.112708.0
11977;Selection of switching function;UINT;1.112708.1
11978;Selection of switching characteristics;UINT;1.112709.0
11979;Selection of switching characteristics;UINT;1.112709.1
11980;First switching point;LINT;1.112710.0
11981;First switching point;LINT;1.112710.1
11982;Second switching point;LINT;1.112711.0
11983;Second switching point;LINT;1.112711.1
11984;Switching time (automatic);REAL;1.112712.0
11985;Switching time (automatic);REAL;1.112712.1
11986;Actual Position Trigger mode;UINT;1.112713.0
11987;Actual Position Trigger mode;UINT;1.112713.1
11988;Actual Position Trigger source;UINT;1.112714.0
11989;Actual Position Trigger source;UINT;1.112714.1
11990;Actual upper limit value modulo;LINT;1.112715.0
11991;Actual upper limit value modulo;LINT;1.112715.1
11992;Actual lower limit value modulo;LINT;1.112716.0
11993;Actual lower limit value modulo;LINT;1.112716.1
11994;Actual inactive time first switching point;REAL;1.112717.0
11995;Actual inactive time first switching point;REAL;1.112717.1
11996;Actual inactive time second switching point;REAL;1.112718.0
11997;Actual inactive time second switching point;REAL;1.112718.1
11998;Actual hysteresis;LINT;1.112719.0
11999;Actual hysteresis;LINT;1.112719.1
12000;Actual switching time (manual);REAL;1.112720.0
12001;Actual switching time (manual);REAL;1.112720.1
12002;Actual selection of switching function;UINT;1.112721.0
12003;Actual selection of switching function;UINT;1.112721.1
12004;Actual selection of switching characteristics;UINT;1.112722.0
12005;Actual selection of switching characteristics;UINT;1.112722.1
12006;Actual first switching point;LINT;1.112723.0
12007;Actual first switching point;LINT;1.112723.1
12008;Actual second switching point;LINT;1.112724.0
12009;Actual second switching point;LINT;1.112724.1
12010;Actual switching time (automatic);REAL;1.112725.0
12011;Actual switching time (automatic);REAL;1.112725.1
12012;Modulo position for the logic (ON);LINT;1.112726.0
12013;Modulo position for the logic (ON);LINT;1.112726.1
12014;Modulo position for the logic (OFF);LINT;1.112727.0
12015;Modulo position for the logic (OFF);LINT;1.112727.1
12016;Position switch status ON/OFF;BOOL;1.112728.0
12017;Position switch status ON/OFF;BOOL;1.112728.1
12018;Status modulo limit reached;BOOL;1.112729.0
12019;Status modulo limit reached;BOOL;1.112729.1
12020;Status active position switch;USINT;1.112730.0
12021;Status active position switch;USINT;1.112730.1
12024;Offset modulo position;LINT;1.112732.0
12025;Offset modulo position;LINT;1.112732.1
12026;Initialisation modulo;LINT;1.112733.0
12027;Initialisation modulo;LINT;1.112733.1
12028;Actual offset modulo position;LINT;1.112734.0
12029;Actual offset modulo position;LINT;1.112734.1
12030;Counter modulo cycles;UDINT;1.112735.0
12031;Counter modulo cycles;UDINT;1.112735.1
12032;Modulo hysteresis;LINT;1.112736.0
12033;Modulo hysteresis;LINT;1.112736.1
12034;Actual modulo hysteresis;LINT;1.112737.0
12035;Actual modulo hysteresis;LINT;1.112737.1
12036;Error active;BOOL;1.112819.0
12037;Touch probe mode;UINT;1.113000.0
12038;Touch probe mode;UINT;1.113000.1
12039;Touch probe source;UINT;1.113001.0
12040;Touch probe source;UINT;1.113001.1
12041;Selection trigger event;UINT;1.113002.0
12042;Selection trigger event;UINT;1.113002.1
12043;Upper limit value modulo;LINT;1.113003.0
12044;Upper limit value modulo;LINT;1.113003.1
12045;Lower limit value modulo;LINT;1.113004.0
12046;Lower limit value modulo;LINT;1.113004.1
12047;Lower limit value trigger event;LINT;1.113005.0
12048;Lower limit value trigger event;LINT;1.113005.1
12049;Upper limit value trigger event;LINT;1.113006.0
12050;Upper limit value trigger event;LINT;1.113006.1
12051;Actual touch probe mode;UINT;1.113007.0
12052;Actual touch probe mode;UINT;1.113007.1
12053;Actual touch probe source;UINT;1.113008.0
12054;Actual touch probe source;UINT;1.113008.1
12055;Actual selection trigger event;UINT;1.113009.0
12056;Actual selection trigger event;UINT;1.113009.1
12057;Actual upper limit value modulo;LINT;1.113010.0
12058;Actual upper limit value modulo;LINT;1.113010.1
12059;Actual lower limit value modulo;LINT;1.113011.0
12060;Actual lower limit value modulo;LINT;1.113011.1
12061;Actual lower limit value trigger event;LINT;1.113012.0
12062;Actual lower limit value trigger event;LINT;1.113012.1
12063;Actual upper limit value trigger event;LINT;1.113013.0
12064;Actual upper limit value trigger event;LINT;1.113013.1
12065;Touch probe position;LINT;1.113014.0
12066;Touch probe position;LINT;1.113014.1
12067;Time stamp touch probe position;ULINT;1.113015.0
12068;Time stamp touch probe position;ULINT;1.113015.1
12069;Trigger event initiated;BOOL;1.113016.0
12070;Trigger event initiated;BOOL;1.113016.1
12071;Trigger event NOT initiated;BOOL;1.113017.0
12072;Trigger event NOT initiated;BOOL;1.113017.1
12073;Trigger events counter triggered;UDINT;1.113018.0
12074;Trigger events counter triggered;UDINT;1.113018.1
12075;Trigger events counter NOT triggered;UDINT;1.113019.0
12076;Trigger events counter NOT triggered;UDINT;1.113019.1
12077;Counter modulo cycles;UDINT;1.113020.0
12078;Counter modulo cycles;UDINT;1.113020.1
12079;Status touch probe input;BOOL;1.113021.0
12080;Status touch probe input;BOOL;1.113021.1
12081;Status modulo limit reached;BOOL;1.113022.0
12082;Status modulo limit reached;BOOL;1.113022.1
12083;Modulo position;LINT;1.113023.0
12084;Modulo position;LINT;1.113023.1
12085;Offset modulo position;LINT;1.113024.0
12086;Offset modulo position;LINT;1.113024.1
12087;Initialisation modulo;LINT;1.113025.0
12088;Initialisation modulo;LINT;1.113025.1
12089;Actual offset modulo position;LINT;1.113026.0
12090;Actual offset modulo position;LINT;1.113026.1
12091;Time stamp touch probe position positive CiA402;ULINT;1.113027.0
12092;Time stamp touch probe position positive CiA402;ULINT;1.113027.1
12093;Time stamp touch probe position negative CiA402;ULINT;1.113028.0
12094;Time stamp touch probe position negative CiA402;ULINT;1.113028.1
12095;Touch probe position positive CiA402;LINT;1.113029.0
12096;Touch probe position positive CiA402;LINT;1.113029.1
12097;Touch probe position negative CiA402;LINT;1.113030.0
12098;Touch probe position negative CiA402;LINT;1.113030.1
12099;Counter initiated trigger events positive edge CiA402;UDINT;1.113031.0
12100;Counter initiated trigger events positive edge CiA402;UDINT;1.113031.1
12101;Counter initiated trigger events negative edge CiA402;UDINT;1.113032.0
12102;Counter initiated trigger events negative edge CiA402;UDINT;1.113032.1
12103;Touch probe status CiA402;UINT;1.113033.0
12104;Touch probe status CiA402;UINT;1.113033.1
12105;Modulo hysteresis;LINT;1.113034.0
12106;Modulo hysteresis;LINT;1.113034.1
12107;Actual modulo hysteresis;LINT;1.113035.0
12108;Actual modulo hysteresis;LINT;1.113035.1
12109;Delay time;REAL;1.113036.0
12110;Delay time;REAL;1.113036.1
12111;Actual delay time;REAL;1.113037.0
12112;Actual delay time;REAL;1.113037.1
12113;Requested modulo mode;UINT;1.113100.0
12115;Lower limit value modulo;LINT;1.113102.0
12116;Setpoint value modulo;LINT;1.113103.0
12117;Actual value modulo;LINT;1.113104.0
12118;Actual mode modulo;UINT;1.113105.0
12119;Actual upper limit value modulo;LINT;1.113106.0
12120;Actual lower limit value modulo;LINT;1.113107.0
12121;Counter modulo cycles;UDINT;1.113108.0
12122;Modulo overflow status;BOOL;1.113109.0
12123;Offset modulo position;LINT;1.113110.0
12124;Initialisation modulo position;LINT;1.113111.0
12125;Actual offset modulo position;LINT;1.113112.0
12126;Activation of symmetrical jog;BOOL;1.214526.0
12127;Relative position jog 1;LINT;1.214530.0
12128;Slow jog 2 velocity;REAL;1.214535.0
12129;Slow jog 2 acceleration;REAL;1.214536.0
12130;Slow jog 2 jerk;REAL;1.214537.0
12131;Relative position jog 2.;LINT;1.214538.0
12132;Jog duration 2 movement ;REAL;1.214539.0
12133;Fast jog 2 velocity;REAL;1.214540.0
12134;Fast jog 2 acceleration;REAL;1.214541.0
12135;Fast jog 2 jerk;REAL;1.214542.0
12136;Actually used slow jog 1 velocity;REAL;1.214543.0
12137;Actually used slow jog 1 acceleration;REAL;1.214544.0
12138;Actually used slow jog 1 jerk;REAL;1.214545.0
12139;Actually used jog 1 movement duration;REAL;1.214546.0
12140;Actually used fast jog 1 velocity;REAL;1.214547.0
12141;Actually used fast jog 1 acceleration;REAL;1.214548.0
12142;Actually used fast jog 1 jerk;REAL;1.214549.0
12143;Actually used slow jog 2 velocity;REAL;1.214550.0
12144;Actually used slow jog 2 acceleration;REAL;1.214551.0
12145;Actually used slow jog 2 jerk;REAL;1.214552.0
12146;Actually used jog 2 movement duration;REAL;1.214553.0
12147;Actually used fast jog 2 velocity;REAL;1.214554.0
12148;Actually used fast jog 2 acceleration;REAL;1.214555.0
12149;Actually used fast jog 2 jerk;REAL;1.214556.0
12150;Encoder format;UDINT;1.231243.0
12151;Selection voltage limitation prioritisation;UDINT;1.526772.0
12152;Selection voltage limitation prioritisation;UDINT;1.526773.0
12153;Record sequencing field 3;LINT;1.526778.0
12154;Next event field 3;LINT;1.526779.0
12157;Next event field 4;LINT;1.526786.0
12158;Next event field 5;LINT;1.526787.0
12159;Next event field 6;LINT;1.526788.0
12160;Next event field 7;LINT;1.526789.0
12161;Record sequencing field 4;LINT;1.526790.0
12162;Record sequencing field 5;LINT;1.526791.0
12163;Record sequencing field 6;LINT;1.526792.0
12164;Record sequencing field 7;LINT;1.526793.0
12165;Filter time constant controller limitation;REAL;1.526794.0
12166;Maximum torque symmetrical;REAL;1.526796.0
12167;Record table status;DINT;1.526797.0
12168;Clamping torque;REAL;1.526801.0
12169;Jogging state;UDINT;1.526917.0
12170;Commutation-angle detection damping time;REAL;1.545454.0
12171;Commutation angle;LINT;1.545455.0
12174;Output encoder emulation;UDINT;1.586844.0
12175;Offset position;LINT;1.586846.0
12176;Activation counting direction reversal;BOOL;1.586847.0
12177;Increments per second;REAL;1.586848.0
12178;MELDW.0 ramp generator;BOOL;1.1124900.0
12179;MOMRED;INT;1.1126990.0
12180;KPC ;DINT;1.1127990.0
12181;XERR;DINT;1.1129990.0
12182;Activation background mode;BOOL;1.1130224.0
12183;Diagnostic category: Torque increase ramp invalid;UINT;1.1130225.0
12184;Storage option: Torque increase ramp invalid;USINT;1.1130226.0
12185;Encoder n actual position value 2 (Gn_XIST2);UDINT;1.1141990.0
12186;Encoder n actual position value 1 (Gn_XIST1);UDINT;1.1142990.0
12187;Gn_ZSW.0 ... 3 Function active;USINT;1.1143000.0
12188;Gn_ZSW.4 ... 7 value;USINT;1.1143040.0
12189;Gn_ZSW.8 touch probe 0 deflected;BOOL;1.1143080.0
12190;Gn_ZSW.9 Touch Probe 1 deflected;BOOL;1.1143090.0
12191;Gn_ZSW.11 Error acknowledgment active;BOOL;1.1143110.0
12192;Gn_ZSW.12 Homing mode active;BOOL;1.1143120.0
12193;Gn_ZSW.13 Transmit absolute value cyclically;BOOL;1.1143130.0
12194;Gn_ZSW.14 Parking sensor active;BOOL;1.1143140.0
12195;Gn_ZSW.15 sensor error;BOOL;1.1143150.0
12196;Gn_ZSW;UINT;1.1143990.0
12197;ZSW1.0 Ready to Switch On;BOOL;1.1145000.0
12198;ZSW1.1 Ready To Operate;BOOL;1.1145010.0
12199;ZSW1.2 Operation Enabled;BOOL;1.1145020.0
12200;ZSW1.3 Fault Present;BOOL;1.1145030.0
12201;ZSW1.4 Coast Stop Not Active;BOOL;1.1145040.0
12202;ZSW1.5 Quick Stop Not Active;BOOL;1.1145050.0
12203;ZSW1.6 Switch On Inhibited ;BOOL;1.1145060.0
12204;ZSW1.7 Warning Present;BOOL;1.1145070.0
12205;ZSW1.8 Velocity Error Within Tolerance Range;BOOL;1.1145080.0
12206;ZSW1.8 Following Error Within Tolerance Range;BOOL;1.1145081.0
12207;ZSW1.9 PLC Control Requested;BOOL;1.1145090.0
12208;ZSW1.10 f or n reached or exceeded;BOOL;1.1145100.0
12209;ZSW1.10 Traverse Task Motion Complete;BOOL;1.1145101.0
12210;ZSW1.11 I, M or P limit not reached;BOOL;1.1145110.0
12211;ZSW1.11 Home Position Set;BOOL;1.1145111.0
12212;ZSW1.12 Holding brake open;BOOL;1.1145120.0
12213;ZSW1.12 Traversing Task Acknowledgement;BOOL;1.1145121.0
12214;ZSW1.13 No warning Overtemperature motor;BOOL;1.1145130.0
12215;ZSW1.13 Drive Stopped;BOOL;1.1145131.0
12216;ZSW1.14 Motor rotation;BOOL;1.1145140.0
12217;ZSW1.14 Drive Accelerating;BOOL;1.1145141.0
12218;ZSW1.15 No warning Overtemperature power unit;BOOL;1.1145150.0
12219;ZSW1.15 Drive Decelerating;BOOL;1.1145151.0
12220;ZSW1;UINT;1.1145990.0
12221;ZSW2.7 Drive parked;BOOL;1.1146070.0
12222;ZSW2.8 Move to fixed stop active;BOOL;1.1146080.0
12223;ZSW2.11 Power stage active;BOOL;1.1146110.0
12224;ZSW2.12 ... 15 Slave sign of life;USINT;1.1146120.0
12225;ZSW2;UINT;1.1146990.0
12226;STW1.0 Power Stage Enable;BOOL;1.1147000.0
12227;STW1.1 Coast Stop Disable;BOOL;1.1147010.0
12228;STW1.2 Quick Stop Disable;BOOL;1.1147020.0
12229;STW1.3 Enable Operation;BOOL;1.1147030.0
12230;STW1.4 Enable ramp generator;BOOL;1.1147040.0
12231;STW1.4 Reject traversing task;BOOL;1.1147041.0
12232;STW1.5 Unfreeze Ramp Generator;BOOL;1.1147050.0
12233;STW1.5 Intermediate Stop;BOOL;1.1147051.0
12234;STW1.6 Enable setpoint;BOOL;1.1147060.0
12235;STW1.6 Traverse Task Active;BOOL;1.1147061.0
12236;STW1.7 Fault Acknowledge;BOOL;1.1147070.0
12237;STW1.8 Jogging 1;BOOL;1.1147080.0
12238;STW1.9 Jogging 2;BOOL;1.1147090.0
12239;STW1.10 Control by PLC;BOOL;1.1147100.0
12240;STW1.11 Invert setpoint;BOOL;1.1147110.0
12241;STW1.11 Start Homing Procedure;BOOL;1.1147111.0
12242;STW1.12 Open Holding Brake;BOOL;1.1147120.0
12244;STW1.13 Increase the motorized potentiometer setpoint;BOOL;1.1147130.0
12245;STW1.13 Start Block Change;BOOL;1.1147131.0
12246;STW1.14 Reduce motor potentiometer setpoint;BOOL;1.1147140.0
12247;STW1.14 Reserved;BOOL;1.1147141.0
12248;STW1.15 Reserved;BOOL;1.1147150.0
12249;STW1.15 Reserved;BOOL;1.1147151.0
12250;STW1;UINT;1.1147990.0
12253;STW2.7 Drive parking;BOOL;1.1148070.0
12254;STW2.8 Traverse to fixed endstop;BOOL;1.1148080.0
12255;STW2.11 Motor changeover;BOOL;1.1148110.0
12256;STW2.12 ... 15 Master sign of life;USINT;1.1148120.0
12257;STW2;UINT;1.1148990.0
12260;Gn_STW.0 ... 3 Request function;USINT;1.1149000.0
12261;Gn_STW.4 ... 6 Request command;USINT;1.1149040.0
12262;Gn_STW.7 Mode;BOOL;1.1149070.0
12263;Gn_STW.11 Home position mode;BOOL;1.1149110.0
12264;Gn_STW.12 Trigger mode homing;BOOL;1.1149120.0
12265;Gn_STW.13 Request absolute value cyclically;BOOL;1.1149130.0
12266;Gn_STW.14 Activate parking sensor;BOOL;1.1149140.0
12267;Gn_STW.15 Acknowledge sensor error;BOOL;1.1149150.0
12268;Gn_STW;UINT;1.1149990.0
12269;Gn_STW Cycle-1;UINT;1.1149991.0
12270;Master control connection ID;UDINT;1.10233999.0
12279;MELDW.1 torque utilization;BOOL;1.11249010.0
12280;MELDW.2 Actual velocity <Threshold1;BOOL;1.11249020.0
12281;MELDW.3 Actual velocity = <Threshold2;BOOL;1.11249030.0
12282;MELDW.5 Variable reporting function;BOOL;1.11249050.0
12283;MELDW.6 No warning Overtemperature motor;BOOL;1.11249060.0
12284;MELDW.7 No warning Overtemperature power output stage;BOOL;1.11249070.0
12285;MELDW.8 velocity setpoint / actual deviation in tolerance;BOOL;1.11249080.0
12286;MELDW.11 Controller enable;BOOL;1.11249110.0
12287;MELDW.12 Ready for operation;BOOL;1.11249120.0
12288;MELDW.13 Power stage active;BOOL;1.11249130.0
12289;MELDW;UINT;1.11249990.0
12290;Parameter List;UINT;1.11280001.0
12291;Operating mode PROFIdrive;UINT;1.11280002.0
12292;Error message counter PROFIdrive;UINT;1.11280003.0
12293;Profile identification number;USINT;1.11280004.0
12294;Torque increase for controller enable;REAL;1.11280018.0
12295;Valid movement monitoring position control;UDINT;1.11280020.0
12296;Valid movement monitoring velocity control;UDINT;1.11280021.0
12297;Valid movement monitoring torque regulation;UDINT;1.11280022.0
12298;Valid movement monitoring position control analog;UDINT;1.11280023.0
12299;Valid movement monitoring velocity control analog;UDINT;1.11280024.0
12300;Valid movement monitoring torque control analog;UDINT;1.11280025.0
12301;Valid movement monitoring CSP;UDINT;1.11280026.0
12302;Valid movement monitoring CSV;UDINT;1.11280027.0
12303;Valid movement monitoring CST;UDINT;1.11280028.0
12304;Valid Power Off movement monitoring;UDINT;1.11280029.0
12305;Parameter channel description PROFIdrive;UINT;1.11280030.0
12306;Error number;UINT;1.11280040.0
12307;Casting time error;UDINT;1.11280041.0
12308;Warning number;UINT;1.11280042.0
12309;Release time warning;UDINT;1.11280043.0
12310;Status word MELDW;UINT;1.11280046.0
12312;Counter warning messages;UINT;1.11280060.0
12313;Counter error messages;UINT;1.11280061.0
12314;Active error;UINT;1.11280062.0
12315;Active warning;UINT;1.11280063.0
12316;Status base state machine PROFIdrive;UDINT;1.11280102.0
12317;Actual application class;UDINT;1.11280109.0
12319;Storage option: Required application class not supported;USINT;1.11280111.0
12320;Trigger level MELDW.2;REAL;1.11280112.0
12321;Hysteresis trigger level;REAL;1.11280113.0
12322;Trigger level MELDW.3;REAL;1.11280114.0
12323;Hysteresis trigger level;REAL;1.11280115.0
12324;Activation touch probe Tel. 111;UINT;1.11280116.0
12325;Acceleration;REAL;1.11280402.0
12326;Deceleration;REAL;1.11280403.0
12327;Jerk;REAL;1.11280404.0
12328;Deceleration (system stop);REAL;1.11280405.0
12329;Clamping torque offset;REAL;1.11280407.0
12330;Stroke limit positive for detection of a fixed stop;LINT;1.11280408.0
12331;Stroke limit negative for detection of a fixed stop;LINT;1.11280409.0
12332;Threshold value torque utilization reached;REAL;1.11280410.0
12333;Status Application Class 1;UDINT;1.11280501.0
12334;NSOLL_A/NSOLL_B;REAL;1.11280502.0
12335;Settling time Direction of rotation detection;REAL;1.11280503.0
12336;Status Application Class 4;UDINT;1.11280531.0
12337;Velocity comparator time window;REAL;1.11280533.0
12338;Status Application Class 3;UDINT;1.11280601.0
12339;Target position MDI;LINT;1.11280604.0
12340;Profile velocity MDI;REAL;1.11280605.0
12341;Acceleration MDI;REAL;1.11280606.0
12342;Deceleration MDI;REAL;1.11280607.0
12345;Base value velocity;REAL;1.11280701.0
12346;Base value acceleration;REAL;1.11280702.0
12347;Base value deceleration;REAL;1.11280703.0
12348;POS_STW1.0 ... 6 Traversing block selection;USINT;1.112411000.0
12349;POS_STW1.8 Absolute positioning;BOOL;1.112411080.0
12350;POS_STW1.9 ... 10 direction selection;UDINT;1.112411090.0
12351;POS_STW1.12 Setpoint transfer;BOOL;1.112411120.0
12352;POS_STW1.14 Setting up selected;BOOL;1.112411140.0
12353;POS_STW1.15 MDI selection;BOOL;1.112411150.0
12354;POS_STW1;UINT;1.112411990.0
12357;POS_ZSW1.0 ... 6 Traversing block bit;USINT;1.112412000.0
12358;POS_ZSW1.8 Negative limit switch active;BOOL;1.112412080.0
12359;POS_ZSW1.9 Positive limit switch active;BOOL;1.112412090.0
12360;POS_ZSW1.10 Jogging active;BOOL;1.112412100.0
12361;POS_ZSW1.11 Reference point approach active;BOOL;1.112412110.0
12362;POS_ZSW1.13 Traversing block active;BOOL;1.112412130.0
12363;POS_ZSW1.14 Setup active;BOOL;1.112412140.0
12364;POS_ZSW1.15 MDI active;BOOL;1.112412150.0
12365;POS_ZSW1;UINT;1.112412990.0
12366;POS_ZSW2.0 Tracking mode active;BOOL;1.112413000.0
12367;POS_ZSW2.1 Velocity limitation active;BOOL;1.112413010.0
12368;POS_ZSW2.2 Setpoint available;BOOL;1.112413020.0
12369;POS_ZSW2.4 Drive moves forward;BOOL;1.112413040.0
12370;POS_ZSW2.5 Drive moves backwards;BOOL;1.112413050.0
12371;POS_ZSW2.6 Software limit switch minus reached;BOOL;1.112413060.0
12372;POS_ZSW2.7 Software limit switch plus reached;BOOL;1.112413070.0
12373;POS_ZSW2.8 Position actual value <= position switch 0;BOOL;1.112413080.0
12374;POS_ZSW2.9 Position actual value <= position switch 1;BOOL;1.112413090.0
12375;POS_ZSW2.10 Direct output 1 via traversing block;BOOL;1.112413100.0
12376;POS_ZSW2.11 Direct output 2 via traversing block;BOOL;1.112413110.0
12377;POS_ZSW2.12 Fixed stop reached;BOOL;1.112413120.0
12378;POS_ZSW2.13 Fixed stop Clamping torque reached;BOOL;1.112413130.0
12379;POS_ZSW2.14 Move to fixed stop active;BOOL;1.112413140.0
12380;POS_ZSW2.15 Traversing command active;BOOL;1.112413150.0
12381;POS_ZSW2;UINT;1.112413990.0
12382;POS_STW2.0 Tracking mode;BOOL;1.112414000.0
12383;POS_STW2.1 Set reference point;BOOL;1.112414010.0
12384;POS_STW2.5 Jogging incremental active;BOOL;1.112414050.0
12385;POS_STW2.10 Selection touch probe;BOOL;1.112414100.0
12386;POS_STW2.11 Touch probe edge;BOOL;1.112414110.0
12387;POS_STW2.14 Activate software limit switch;BOOL;1.112414140.0
12388;POS_STW2.15 Activate hardware limit switch;BOOL;1.112414150.0
12389;POS_STW2;UINT;1.112414990.0
12392;SATZANW.0 ... 6 Traversing block selection;USINT;1.112415000.0
12393;SATZANW.15 Activate MDI;BOOL;1.112415150.0
12394;SATZANW;UINT;1.112415990.0
12395;SATZANW Cycle-1;UINT;1.112415991.0
12396;AKTSATZ.0 ... 6 Active traversing block;USINT;1.112416000.0
12397;AKTSATZ.15 MDI activated;BOOL;1.112416150.0
12398;AKTSATZ;UINT;1.112416990.0
12399;MDI_MOD.0 Positioning;BOOL;1.112417000.0
12400;MDI_MOD.1 ... 2 Direction of movement;UDINT;1.112417010.0
12401;MDI_MOD;UINT;1.112417990.0
12402;MDI_MOD Cycle-1;UINT;1.112417991.0
12404;Scaling factor start value I²t monitoring motor model;REAL;1.6301.0
12405;Actual value I²T monitoring motor model;REAL;1.6302.0
12406;Maximum start value I²t monitoring motor model;REAL;1.6303.0
12407;Scaling factor warning limit I²t monitoring motor model;REAL;1.6305.0
12409;Activation current reduction holding brake;BOOL;1.40001.0
12410;Delay time;REAL;1.40002.0
12411;Supply voltage holding brake;REAL;1.40003.0
12412;Holding voltage;REAL;1.40004.0
12413;Diagnostic category: I²t monitoring: motor model warning limit;UINT;1.63019.0
12414;Storage option: I²t monitoring: motor model warning limit;USINT;1.63020.0
12415;Diagnostic category: I²t monitoring: motor model error limit;UINT;1.63021.0
12416;Storage option: I²t monitoring: motor model error limit;USINT;1.63022.0
12417;Active switch-on threshold reactive current braking;REAL;1.102101.0
12418;Active end value reactive current braking;REAL;1.102102.0
12419;Status reactive current braking;BOOL;1.102103.0
12420;Activate reactive current braking;BOOL;1.102104.0
12421;Maximum reactive current reactive current braking;REAL;1.102105.0
12422;Actual value reactive current braking;REAL;1.102106.0
12423;Activate automatic voltage determination;BOOL;1.102107.0
12424;Switch-on threshold reactive current braking;REAL;1.102108.0
12425;End value reactive current braking;REAL;1.102109.0
12426;Scaling factor offset of voltage calculation;REAL;1.102110.0
12432;Diagnostic category: PLC Control is not set;UINT;1.11280117.0
12433;Storage option: PLC Control is not set;USINT;1.11280118.0
12434;Jerk (system stop);REAL;1.11280406.0
12435;Threshold value velocity comparator;REAL;1.11280504.0
12436;Hysteresis threshold value velocity comparator;REAL;1.11280505.0
12437;Switch-on/off delay time velocity comparator;REAL;1.11280506.0
12440;Reduction ratio;UDINT;1.4246.0
12442;Status sensor state machine;DINT;1.34234.0
12443;Status sensor state machine;DINT;1.34234.1
12448;Inertia Gear;REAL;1.124321.0
12449;Inertia coupling;REAL;1.124322.0
12450;Dynamic losses;REAL;1.124323.0
12451;Damping;REAL;1.144316.0
12452;Natural frequency;REAL;1.144317.0
12453;Activation of vibration suppression;BOOL;1.144318.0
12454;Vibration suppression active;BOOL;1.144319.0
12459;Encoder n actual position value 2 (Gn_XIST2);UDINT;1.1141990.1
12460;Encoder n actual position value 1 (Gn_XIST1);UDINT;1.1142990.1
12461;Gn_ZSW.0 ... 3 Function active;USINT;1.1143000.1
12462;Gn_ZSW.4 ... 7 value;USINT;1.1143040.1
12463;Gn_ZSW.8 touch probe 0 deflected;BOOL;1.1143080.1
12464;Gn_ZSW.9 Touch Probe 1 deflected;BOOL;1.1143090.1
12465;Gn_ZSW.11 Error acknowledgment active;BOOL;1.1143110.1
12466;Gn_ZSW.12 Homing mode active;BOOL;1.1143120.1
12467;Gn_ZSW.13 Transmit absolute value cyclically;BOOL;1.1143130.1
12468;Gn_ZSW.14 Parking sensor active;BOOL;1.1143140.1
12469;Gn_ZSW.15 sensor error;BOOL;1.1143150.1
12470;Gn_ZSW;UINT;1.1143990.1
12471;Gn_STW.0 ... 3 Request function;USINT;1.1149000.1
12472;Gn_STW.4 ... 6 Request command;USINT;1.1149040.1
12473;Gn_STW.7 Mode;BOOL;1.1149070.1
12474;Gn_STW.11 Home position mode;BOOL;1.1149110.1
12475;Gn_STW.12 Trigger mode homing;BOOL;1.1149120.1
12476;Gn_STW.13 Request absolute value cyclically;BOOL;1.1149130.1
12477;Gn_STW.14 Activate parking sensor;BOOL;1.1149140.1
12478;Gn_STW.15 Acknowledge sensor error;BOOL;1.1149150.1
12479;Gn_STW;UINT;1.1149990.1
12480;Gn_STW Cycle-1;UINT;1.1149991.1
12481;Valid motion monitoring Moving to fixed stop;UDINT;1.11280031.0
12482;Velocity override;REAL;1.1309.0
12483;Mileage 2;LINT;1.1414.0
12484;Load change counter 2;LINT;1.1424.0
12485;Status Sign of Life;DINT;1.3424.0
12486;Sign of Life Cycle-1;USINT;1.4277.0
12487;Error counter Sign of Life;DINT;1.4278.0
12520;Actual Error ID;UDINT;1.231250.0
12521;Actual Error ID;UDINT;1.231250.1
12522;Actual resolution per revolution for Gn_XIST;UDINT;1.231544.0
12523;Actual resolution per revolution for Gn_XIST;UDINT;1.231544.1
12524;Resolution per revolution for Gn_XIST;UDINT;1.231545.0
12525;Resolution per revolution for Gn_XIST;UDINT;1.231545.1
12530;Valid motion monitoring AC4 without DSC;UDINT;1.11280032.0
12531;Valid motion monitoring AC4 with DSC;UDINT;1.11280033.0
12532;Torque utilization monitoring window;REAL;1.11280411.0
12533;Damping time torque utilization;REAL;1.11280412.0
12534;Velocity override;INT;1.11280611.0
12535;Conversion factor velocity;REAL;1.11290701.0
12538;Diagnostic category: Invalid configuration Extended process data;UINT;1.424201.0
12539;Storage option: Invalid configuration Extended process data;USINT;1.424202.0
12540;Activation Extended process data;BOOL;1.424203.0
12541;Extended process data active;BOOL;1.424213.0
12542;Number of objects Rx;USINT;1.4242101.0
12543;Number of bytes Rx;USINT;1.4242102.0
12544;Axis ID Rx;UINT;1.4242105.0
12545;Data ID Rx;UDINT;1.4242106.0
12546;Data instance ID Rx;UINT;1.4242107.0
12547;Array ID Rx;UINT;1.4242108.0
12548;Actual axis ID Rx;UINT;1.4242115.0
12549;Actual data ID Rx;UDINT;1.4242116.0
12550;Actual data instance ID Rx;UINT;1.4242117.0
12551;Actual array ID Rx;UINT;1.4242118.0
12552;Actual data type Rx;UDINT;1.4242119.0
12553;Number of objects Tx;USINT;1.4242201.0
12554;Number of bytes Tx;USINT;1.4242202.0
12555;Axis ID Tx;UINT;1.4242205.0
12556;Data ID Tx;UDINT;1.4242206.0
12557;Data instance ID Tx;UINT;1.4242207.0
12558;Array ID Tx;UINT;1.4242208.0
12559;Actual axis ID Tx;UINT;1.4242215.0
12560;Actual data ID Tx;UDINT;1.4242216.0
12561;Actual data instance ID Tx;UINT;1.4242217.0
12562;Actual array ID Tx;UINT;1.4242218.0
12563;Actual data type Tx;UDINT;1.4242219.0
12564;Status;DINT;1.103111.0
12565;Testing phase;UINT;1.103112.0
12566;Torque positive limit value;REAL;1.103113.0
12567;Torque rise ramp Positive limit value;REAL;1.103114.0
12568;Torque negative limit value;REAL;1.103115.0
12569;Torque rise ramp Negative limit value;REAL;1.103116.0
12570;Monitoring window Position;LINT;1.103117.0
12571;Torque monitoring window;REAL;1.103118.0
12572;Holding time Torque;REAL;1.103120.0
12573;Waiting time;REAL;1.103121.0
12574;Test result;UINT;1.103122.0
12575;Selection of encoder interface;UDINT;1.103123.0
12588;Diagnostic category: Encoder not ready;UINT;1.103136.0
12589;Storage option: Encoder not ready;USINT;1.103137.0
12590;Diagnostic category: Brake test failed;UINT;1.103138.0
12591;Storage option: Brake test failed;USINT;1.103139.0
12592;Diagnostic category: Torque failed brake test;UINT;1.103140.0
12593;Storage option: Torque failed brake test;USINT;1.103141.0
12594;Denominator pole pairs (user-defined);UDINT;1.7185.0
12595;Active denominator Pole pairs;UDINT;1.7191.0
12596;Master Sync Pos;LINT;1.85602.0
12597;Start Sync Pos;LINT;1.85603.0
12598;Gear In Velocity;REAL;1.85604.0
12599;Gear In Acceleration;REAL;1.85605.0
12600;Gear In Jerk;REAL;1.85606.0
12601;Status;USINT;1.85607.0
12602;Tolerance Position;LINT;1.85608.0
12603;Tolerance Velocity;REAL;1.85609.0
12604;End Sync Pos;LINT;1.85610.0
12605;Diagnostic category: Gear In failed;UINT;1.85611.0
12606;Storage option: Gear In failed;USINT;1.85612.0
12607;Gear Out Velocity;REAL;1.85614.0
12608;Gear Out Acceleration;REAL;1.85615.0
12609;Gear Out Jerk;REAL;1.85616.0
12610;Gear Out Target position;LINT;1.85617.0
12611;Source selection;USINT;1.85618.0
12612;Master Stop Pos;LINT;1.85619.0
12613;Diagnostic category: Gear Out failed;UINT;1.85620.0
12614;Storage option: Gear Out failed;USINT;1.85621.0
12615;Active Gear In Mode;USINT;1.85641.0
12616;Active Master Sync Pos;LINT;1.85642.0
12617;Active Start Sync Pos;LINT;1.85643.0
12618;Active Gear In Velocity;REAL;1.85644.0
12619;Active Gear In Acceleration;REAL;1.85645.0
12620;Active Gear In Jerk;REAL;1.85646.0
12621;Active Tolerance Position;LINT;1.85648.0
12622;Active Tolerance Velocity;REAL;1.85649.0
12623;Active End Sync Pos;LINT;1.85650.0
12624;Active Gear Out Mode;USINT;1.85653.0
12625;Active Gear Out Velocity;REAL;1.85654.0
12626;Active Gear Out Acceleration;REAL;1.85655.0
12627;Active Gear Out Jerk;REAL;1.85656.0
12628;Active Gear Out Target position;LINT;1.85657.0
12629;Active selection Source;USINT;1.85658.0
12630;Active Master Stop Pos;LINT;1.85659.0
12631;Active offset;LINT;1.85660.0
12632;Virtual master position;LINT;1.85661.0
12633;Delay compensation;REAL;1.85662.0
12634;Active delay compensation;REAL;1.85663.0
12635;Delay compensation Master Position;REAL;1.85664.0
12636;Active delay compensation Master Position;REAL;1.85665.0
12637;Upper limit value modulo;LINT;1.113113.0
12638;Extended Modulo mode;USINT;1.11280612.0
12639;Storage option: Invalid limit value Application limitation;USINT;1.18.0
12640;Diagnostic category: Invalid limit value Application limitation;UINT;1.53.0
12641;Storage option: Motion job error due to firmware update;USINT;1.139.0
12642;Diagnostic category: Motion job error due to firmware update;UINT;1.143.0
12643;Mains voltage;REAL;1.1209.0
12644;Limit value velocity limit negative direction of movement;REAL;1.1310.0
12645;Lower limit value acceleration limitation;REAL;1.1311.0
12646;Lower limit value deceleration limit;REAL;1.1312.0
12650;Activation virtual drive ;BOOL;1.71434.0
12651;Filter time constant velocity filter;REAL;1.112738.0
12652;Active filter time constant velocity filter;REAL;1.112739.0
12653;Filter time constant Position filter;REAL;1.112740.0
12654;Active filter time constant Position filter;REAL;1.112741.0
12655;STW_AC4;UINT;1.11280540.0
12656;ZSW_AC4;UINT;1.11280541.0
12657;ZSW_AC4.11 Home position set;BOOL;1.11280542.0
12658;ZSW_AC4.12 Homing run job activated;BOOL;1.11280543.0
12659;ZSW_AC4.13 Homing active;BOOL;1.11280544.0
12660;STW1.11 Start Homing procedure;BOOL;1.11280550.0
12661;Filter time constant velocity filter;REAL;1.112738.1
12662;Active filter time constant velocity filter;REAL;1.112739.1
12663;Filter time constant Position filter;REAL;1.112740.1
12664;Active filter time constant Position filter;REAL;1.112741.1
12665;Start position homing AC4;LINT;1.1142991.0
12666;Start position homing AC4;LINT;1.1142991.1
12667;Testing phase;UINT;1.103112.1
12668;Torque positive limit value;REAL;1.103113.1
12669;Torque rise ramp Positive limit value;REAL;1.103114.1
12670;Torque negative limit value;REAL;1.103115.1
12671;Torque rise ramp Negative limit value;REAL;1.103116.1
12672;Monitoring window Position;LINT;1.103117.1
12673;Torque monitoring window;REAL;1.103118.1
12674;Holding time Torque;REAL;1.103120.1
12675;Waiting time;REAL;1.103121.1
12676;Test result;UINT;1.103122.1
12677;Selection of encoder interface;UDINT;1.103123.1
12678;Scaling factor I²t velocity dependent ;REAL;1.100009.0
12679;Activation jog 2 phases;BOOL;1.100010.0
12680;Maximum acceleration rate limit;REAL;1.586849.0
12681;Activation Save zero point offset;BOOL;1.100548.0
12682;Inertia connecting shaft;REAL;1.100835.0
12683;Conversion factor gear unit 4 numerator;UDINT;1.101215.0
12684;Conversion factor gear unit 4 denominator;UDINT;1.101216.0
12685;Control word CiA402;UINT;1.730.0
12686;Status word CiA402;UINT;1.731.0
12689;Supported drive modes CiA402;UDINT;1.734.0
12690;Internal status state machine profile CiA402;UDINT;1.735.0
12691;Internal status state machine profile position mode CiA402;UDINT;1.736.0
12692;Internal status state machine profile velocity mode CiA402;UDINT;1.737.0
12693;Internal status state machine profile homing CiA402;UDINT;1.738.0
12694;User unit position;UINT;1.7851.0
12695;User unit velocity;UINT;1.7852.0
12696;User unit acceleration;UINT;1.7853.0
12697;User unit jerk;UINT;1.7854.0
12698;SI unit position CiA402;UDINT;1.7860.0
12699;SI unit and velocity CiA402;UDINT;1.7861.0
12700;SI unit acceleration CiA402;UDINT;1.7862.0
12701;SI unit and jerk CiA402;UDINT;1.7863.0
12702;Torque offset CiA402;REAL;1.8111.0
12703;Number homing methods CiA402;USINT;1.8118.0
12704;Supported homing methods CiA402;SINT;1.8119.0
12705;Target position CiA402;LINT;1.8130.0
12706;Profile velocity CiA402;REAL;1.8131.0
12707;End velocity CiA402;REAL;1.8132.0
12708;Profile acceleration CiA402;REAL;1.8133.0
12709;Profile deceleration CiA402;REAL;1.8134.0
12710;Quick stop deceleration CiA402;REAL;1.8135.0
12711;Profile jerk CiA402;REAL;1.8136.0
12712;Target velocity CiA402;REAL;1.8137.0
12713;Velocity offset CiA402;REAL;1.8138.0
12714;Velocity actual value CiA402;LINT;1.8140.0
12715;Active CSx mode CiA402;UDINT;1.8144.0
12716;Interpolation mode CSP;UDINT;1.11412.0
12717;Interpolation mode CSV;UDINT;1.11413.0
12718;Interpolation mode CST;UDINT;1.11414.0
12719;Modes of operation CiA402;SINT;1.12234.0
12720;Modes of operation display CiA402;SINT;1.12235.0
12721;Diagnostic category: Invalid mode of operation;UINT;1.12236.0
12722;Storage option: Invalid mode of operation;USINT;1.12237.0
12723;Positioning option code CiA402;UINT;1.88817.0
12724;Extended Modulo mode;USINT;1.88818.0
12725;CACF;UINT;1.100990.0
12726;Threshold value velocity look-ahead;REAL;1.101017.0
12727;Threshold value velocity look-ahead;REAL;1.101017.1
12729;Activation torque/current limitation;BOOL;1.101033.0
12730;Source sensor 0 ;UDINT;1.101224.0
12731;Source sensor 1;UDINT;1.101252.0
12732;Internal status state machine profile torque mode CiA402;UDINT;1.526782.0
12733;Target torque CiA402;REAL;1.526795.0
12734;Torque slope CiA402;REAL;1.526799.0
12735;Velocity limitation profile torque mode CiA402;REAL;1.526800.0
12736;Positive stroke limitation CiA402;LINT;1.526802.0
12737;Negative stroke limitation CiA402;LINT;1.526803.0
12738;Activate stroke limit CiA402;BOOL;1.526804.0
12739;Digital inputs CiA402;UDINT;1.1128052.0
12740;Digital outputs CiA402;UDINT;1.1128054.0
12741;Bit mask digital outputs CiA402;UDINT;1.1128055.0
12742;CiA402 version;UDINT;1.1128056.0
12743;Motor type CiA402;UINT;1.1128057.0
12744;Touch probe function CiA402;UINT;1.1128060.0
12745;Touch probe status CiA402;UINT;1.1128061.0
12746;Next record table index CiA402;DINT;1.11280053.0
12747;Status record table CiA402;UDINT;1.11280055.0
12761;State of diagnosis channel A;UINT;1.100074.0
12762;Diagnosis response channel A;UINT;1.100076.0
12763;Diagnosis response channel A;UINT;1.100082.0
12764;Counter Error Acknowledgement channel A;UDINT;1.100084.0
12765;Counter Error Acknowledgement channel B;UDINT;1.100085.0
12766;State of diagnosis channel B;UINT;1.100086.0
12775;SS1-Safe Stop mode;UDINT;1.100415.0
12776;SS1-Delay time (t_delay);REAL;1.100423.0
12780;SS1-Brake ramp time (t_vEnd);REAL;1.100451.0
12781;SS1-Tolerance time limit value overshoot (tg);REAL;1.100467.0
12784;Active SS1-Safe Stop 1 mode;UDINT;1.100479.0
12785;SS2-Safe Stop 2 mode;UDINT;1.100483.0
12786;SS2-Delay time (t_delay);REAL;1.100491.0
12788;SS2-Brake ramp time (t_vEnd);REAL;1.100516.0
12789;SS2-Tolerance time limit value overshoot (tg);REAL;1.100524.0
12796;SLS-Safely Limited Speed mode;USINT;1.100560.0
12797;SLS-Delay time (t_delay);REAL;1.100562.0
12800;SLS-Safely Limited Speed;REAL;1.100574.0
12801;SLS-Tolerance time limit value overshoot (tg);REAL;1.100576.0
12802;SS1-Active delay time (t_delay);REAL;1.100582.0
12805;SS1-Active brake ramp time (t_vEnd);REAL;1.100590.0
12806;SS1-Active tolerance time Limit value exceeded (tg);REAL;1.100594.0
12807;SS2-Active Safe Stop 2 mode;UDINT;1.100598.0
12808;SS2-Active delay time (t_delay);REAL;1.100615.0
12810;SS2-Active brake ramp time (t_vEnd);REAL;1.100623.0
12811;SS2-Active tolerance time Limit value exceeded (tg);REAL;1.100627.0
12812;SOS-Active delay time (t_delay);REAL;1.100631.0
12813;SOS-Active monitoring window Position;LINT;1.100635.0
12814;SLS-Active Safely Limited Speed mode;USINT;1.100639.0
12815;SLS-Active delay time (t_delay);REAL;1.100643.0
12817;SLS-Active Safely Limited Speed;REAL;1.100651.0
12818;SLS-Active tolerance time Limit value exceeded (tg);REAL;1.100655.0
12822;Valid motion monitoring Drive Sync Position;UDINT;1.91280026.0
12823;Valid motion monitoring Drive Sync Velocity;UDINT;1.91280027.0
12824;Storage option: Unsupported homing method;USINT;1.101344.0
12825;Diagnostic category: Unsupported homing method;UINT;1.101348.0
12826;Actual force;REAL;1.101362.0
12827;Filter time constant torque/force;REAL;1.101374.0
12828;Reference point torque;UDINT;1.101382.0
12829;Reference point torque;UDINT;1.101382.1
12832;Storage option: Velocity difference encoder 1 to encoder 2 too high;USINT;1.101488.0
12833;Diagnostic category: Velocity difference between encoder 1 and encoder 2 too high;UINT;1.101490.0
12834;Damping time encoder monitoring velocity;REAL;1.101496.0
12835;Monitoring window encoder monitoring velocity;REAL;1.101498.0
12836;Actual value velocity difference encoder monitoring;REAL;1.101500.0
12840;Limit value Time monitoring Dwell time Brake output;REAL;1.100245.0
12841;Limit value Time monitoring Dwell time Brake output;REAL;1.100245.1
12842;Active limit value Time monitoring Dwell time Brake output;REAL;1.100719.0
12843;Active limit value Time monitoring Dwell time Brake output;REAL;1.100719.1
12844;Holding brake 1 valid channel A;BOOL;1.100743.0
12845;Holding brake 2 valid channel A;BOOL;1.100751.0
12846;Holding brake 1/2 valid channel A;BOOL;1.100762.0
12847;Holding brake 1 valid channel B;BOOL;1.100943.0
12848;Holding brake 2 valid channel B;BOOL;1.100947.0
12849;Holding brake 1/2 valid channel B;BOOL;1.100951.0
12850;Active Switch-on delay holding brake 2;REAL;1.101230.0
12851;Active Switch-off delay holding brake 2;REAL;1.101238.0
12852;Active switch-on delay holding brake 1;REAL;1.101246.0
12853;Active switch-off delay holding brake 1;REAL;1.101254.0
12854;Active selection of holding brake;UDINT;1.101262.0
12855;Modes of operation CiA402;SINT;1.12238.0
12856;Modes of operation display CiA402;SINT;1.12239.0
12857;Activation Position trigger Device start;BOOL;1.101547.0
12858;Activation Position trigger Device start;BOOL;1.101547.1
12859;Activation Modulo device start;BOOL;1.101551.0
12860;Settling time Following error Acceleration;REAL;1.101731.0
12861;Reference Encoder interface;UDINT;1.101733.0
12862;Monitoring window Following error acceleration;REAL;1.101735.0
12863;Following error acceleration;REAL;1.101737.0
12864;Mounting position Axis;REAL;1.101741.0
12865;Storage option: Following error acceleration;USINT;1.101750.0
12866;Diagnostic category: Following error acceleration;UINT;1.101753.0
12867;Position valid channel A;BOOL;1.100108.0
12868;Position valid channel B;BOOL;1.100110.0
12869;Encoder values valid channel A;BOOL;1.100112.0
12870;Encoder values valid channel B;BOOL;1.100114.0
12871;Actual value position channel A;LINT;1.100132.0
12872;Actual value position channel B;LINT;1.100134.0
12873;Actual value velocity channel A;REAL;1.100136.0
12874;Actual value velocity channel B;REAL;1.100138.0
12875;Actual value acceleration channel A;REAL;1.100305.0
12876;Actual value acceleration channel B;REAL;1.100309.0
12877;Standstill channel A;BOOL;1.100313.0
12878;Standstill channel B;BOOL;1.100317.0
12879;Velocity filter time constant;REAL;1.100321.0
12880;Active velocity filter time constant;REAL;1.100325.0
12881;Filter time constant acceleration filter;REAL;1.100353.0
12882;Active filter time constant acceleration filter;REAL;1.100357.0
12883;Tolerance time encoder difference monitoring position;REAL;1.100365.0
12884;Active tolerance time encoder difference monitoring position;REAL;1.100369.0
12885;Monitoring window encoder difference monitoring position;LINT;1.100373.0
12886;Active Monitoring window encoder difference monitoring position;LINT;1.100679.0
12887;Active Numerator gearbox;UDINT;1.100688.0
12888;Monitoring window velocity difference monitoring;REAL;1.100695.0
12889;Active monitoring window velocity difference monitoring;REAL;1.100697.0
12890;Tolerance time velocity difference monitoring;REAL;1.100699.0
12891;Active tolerance time velocity difference monitoring;REAL;1.100712.0
12892;Active monitoring window velocity standstill;REAL;1.100726.0
12893;Active standstill damping time;REAL;1.100728.0
12894;Actual value voltage supply encoder interface 1 channel A;REAL;1.100730.0
12895;Actual value voltage supply encoder interface 1 channel B;REAL;1.100732.0
12896;Actual value voltage supply encoder interface 2 channel A;REAL;1.100734.0
12897;Actual value voltage supply encoder interface 2 channel B;REAL;1.100736.0
12900;Diagnostic category: Safety time monitoring of brake output channel A/B;UINT;1.100740.0
12901;Diagnostic category: Safety time monitoring of brake output channel A/B;UINT;1.100740.1
12902;Active Denominator gearbox ;UDINT;1.100953.0
12903;Active Denominator feed constant (user defined);UDINT;1.100957.0
12904;Active numerator feed constant encoder (user defined);UDINT;1.100961.0
12905;Active total conversion factor gear unit denominator;UDINT;1.100993.0
12906;Active total conversion factor gear unit numerator;UDINT;1.100997.0
12907;Active feed constant denominator;UDINT;1.101001.0
12908;Active feed constant numerator;UDINT;1.101007.0
12909;Active Reversing direction of motion;BOOL;1.101009.0
12910;Active Selection of next user unit;UDINT;1.101011.0
12911;Active Invert encoder signal;BOOL;1.101055.0
12913;Diagnostic category: Safety Position difference channel A/B;UINT;1.101222.0
12915;Diagnostic category: Safety Velocity difference channel A/B;UINT;1.101301.0
12917;Diagnostic category: Safety Invalid encoder selection channel A/B;UINT;1.101337.0
12919;Diagnostic category: Safety error Voltage monitoring Encoder interface 1 channel A/B;UINT;1.101349.0
12921;Diagnostic category: Safety error Voltage monitoring Encoder interface 2 channel A/B;UINT;1.101361.0
12922;Active error reaction: Safety Time monitoring Brake output channel A/B;UINT;1.101489.0
12923;Active error reaction: Safety Time monitoring Brake output channel A/B;UINT;1.101489.1
12926;Diagnostic category: Safety External cross-circuit channel A/B;UINT;1.101501.0
12927;Diagnostic category: Safety External cross-circuit channel A/B;UINT;1.101501.1
12928;Active error reaction: Safety External cross-circuit channel A/B;UINT;1.101521.0
12929;Active error reaction: Safety External cross-circuit channel A/B;UINT;1.101521.1
12930;Maximum number of supply voltage errors;UDINT;1.101559.0
12931;Active Maximum number of supply voltage errors;UDINT;1.101566.0
12934;Delta encoder voltage;REAL;1.101572.0
12935;Active Delta encoder voltage;REAL;1.101574.0
12936;Active error reaction: Safety Position difference channel A/B;UINT;1.101575.0
12937;Active error reaction: Safety Velocity difference channel A/B;UINT;1.101576.0
12938;Active error reaction: Safety Invalid encoder selection channel A/B;UINT;1.101577.0
12939;Active error reaction: Safety Error voltage monitoring encoder interface 1 channel A/B;UINT;1.101578.0
12940;Active error reaction: Safety Error voltage monitoring encoder interface 2 channel A/B;UINT;1.101579.0
13003;Encoder values valid channel B;BOOL;1.101725.0
13004;Encoder values valid channel B;BOOL;1.101725.1
13005;Normalized position channel B;LINT;1.101727.0
13006;Normalized position channel B;LINT;1.101727.1
13007;Quadrant counter channel B;UINT;1.101729.0
13008;Quadrant counter channel B;UINT;1.101729.1
13013;Storage option: Number of interpolation points exceeded;USINT;1.101571.0
13014;Diagnostic category: Number of interpolation points exceeded;UINT;1.101573.0
13015;Status Interpolation Position;UDINT;1.7301.0
13016;Actual increments per revolution;UDINT;1.7864.0
13017;Selection of next increments per revolution;UDINT;1.7865.0
13018;Actual status Activation increments per revolution;BOOL;1.7866.0
13019;Selection of activation of increments per revolution;BOOL;1.7867.0
13021;Activation of extended gear ratio;BOOL;1.101905.0
13023;M_ADD;REAL;1.101951.0
13026;Status Cogging Compensation;UDINT;1.101959.0
13030;Actual value cogging table;REAL;1.101967.0
13034;M_LIMIT_NEG;REAL;1.101981.0
13035;M_LIMIT_POS;REAL;1.101985.0
13038;Actual gain factor;REAL;1.101989.0
13039;Actual integration constant;REAL;1.101991.0
13040;Kp_Adapt;REAL;1.101993.0
13041;Lower limit input value;REAL;1.101994.0
13042;Upper limit input value;REAL;1.101995.0
13043;Lower limit value Output value;REAL;1.101998.0
13044;Upper limit value Output value;REAL;1.102000.0
13045;Mode Gain Calculation;UDINT;1.102002.0
13046;Status Identification Cogging;UDINT;1.102003.0
13047;Normalisation Factor Identification Cogging;REAL;1.102004.0
13048;Offset Identification Cogging;REAL;1.102005.0
13049;Evaluation Identification Cogging;REAL;1.102006.0
13050;Internal Status Identification Cogging;UDINT;1.102007.0
13051;Cogging Table Identification;UDINT;1.102008.0
13052;Storage option: Cogging table recording error;USINT;1.102017.0
13053;Diagnosis category: Error in recording the cogging table;UINT;1.102019.0
13058;Activate virtual encoder;BOOL;1.102034.0
13059;MDI_TARPOS;DINT;1.102038.0
13060;Gain factor torque control;REAL;1.102040.0
13061;Integration constant torque control;REAL;1.102042.0
13066;Threshold value sensor switching;REAL;1.102085.0
13067;Hysteresis sensor switching;REAL;1.102089.0
13068;Actual value selector torque control;UDINT;1.102097.0
13069;Actual value parameter;REAL;1.102098.0
13070;Tolerance window modulo;REAL;1.102100.0
13071;Activation compatibility V33;BOOL;1.102137.0
13072;Offset position relative;LINT;1.102222.0
13073;Selection of dynamic torque boost;USINT;1.102223.0
13074;K1 factor;REAL;1.102224.0
13075;K2 factor;REAL;1.102225.0
13076;Tk factor;REAL;1.102226.0
13077;Activation symmetrical acceleration/deceleration;BOOL;1.102395.0
13078;Deceleration Jog 1 slow;REAL;1.102397.0
13079;Actual used deceleration Jog 1 slow;REAL;1.102399.0
13080;Deceleration Jog 1 fast;REAL;1.102401.0
13081;Actual used deceleration Jog 1 fast;REAL;1.102405.0
13082;Deceleration Jog 2 slow;REAL;1.102407.0
13083;Actual used deceleration Jog 2 slow;REAL;1.102409.0
13084;Deceleration Jog 2 fast;REAL;1.102413.0
13085;Actual used deceleration Jog 2 fast;REAL;1.102415.0
13086;Activation of mass/friction estimation;BOOL;1.102417.0
13087;Maximum velocity;REAL;1.102419.0
13088;Filter time constant velocity;REAL;1.102421.0
13089;Filter time constant Acceleration;REAL;1.102423.0
13090;Static friction Force;REAL;1.102425.0
13091;Filter time constant Torque;REAL;1.102426.0
13092;Basic mass;REAL;1.102427.0
13093;Standstill damping time;REAL;1.102428.0
13094;Monitoring window velocity standstill monitoring;REAL;1.102429.0
13095;Standstill monitoring status;BOOL;1.102431.0
13096;Velocity dependent friction Force;REAL;1.102432.0
13097;Total inertia;REAL;1.102433.0
13098;Total mass;REAL;1.102434.0
13099;Static friction Torque;REAL;1.102435.0
13100;Positioning time;REAL;1.102436.0
13101;Load mass;REAL;1.102437.0
13102;Status mass/friction estimation;UDINT;1.102438.0
13103;Velocity dependent friction Torque;REAL;1.102439.0
13104;unused;REAL;1.102441.0
13105;unused;REAL;1.102442.0
13107;Basic inertia;REAL;1.102458.0
13108;Load inertia;REAL;1.102492.0
13109;Storage option: Calculation mass/friction value estimate not completed;USINT;1.102544.0
13110;Diagnostic category: Calculation mass/friction value estimate not completed;UINT;1.102548.0
13111;SLS-Deceleration;REAL;1.100649.0
13112;SLS-Jerk;REAL;1.100657.0
13113;SLS-Active deceleration;REAL;1.100665.0
13114;SLS-Active maximum jerk;REAL;1.100677.0
13115;SLS-Activation SLS;BOOL;1.102194.0
13116;SLS-Active activation SLS;BOOL;1.102221.0
13117;SMS-Activation SMS;BOOL;1.102227.0
13118;SMS-Active maximum velocity;REAL;1.102228.0
13119;Active error reaction: Safety SMS encoder not ready/encoder configuration invalid channel A/B;UINT;1.102230.0
13120;Active error reaction: Safety SMS Velocity limit exceeded channel A/B;UINT;1.102232.0
13121;SLS-Brake ramp time (t_vEnd);REAL;1.102235.0
13122;SLS-Active brake ramp time (t_vEnd);REAL;1.102237.0
13124;SLS-Delay time brake ramp monitoring (t_shift);REAL;1.102240.0
13125;Diagnostic category: Safety SMS encoder not ready/encoder configuration invalid channel A/B;UINT;1.102241.0
13126;SLS-Active delay time braking ramp monitoring (t_shift);REAL;1.102242.0
13127;SLS-Active maximum speed;REAL;1.102271.0
13130;Diagnostic category: Safety SLS Velocity value invalid channel A/B;UINT;1.102277.0
13131;Diagnostic category: Safety SMS Velocity limit exceeded channel A/B;UINT;1.102278.0
13132;Active error reaction: Safety SLS encoder not ready/encoder configuration invalid channel A/B;UINT;1.102279.0
13133;Active error reaction: Safety SLS Limit value violation brake ramp monitoring channel A/B;UINT;1.102287.0
13135;Active error reaction: Safety SLS Velocity limit value exceeded channel A/B;UINT;1.102293.0
13136;Diagnostic category: Safety SLS Velocity limit value exceeded channel A/B;UINT;1.102295.0
13137;SS1-Delay time brake ramp monitoring (t_shift);REAL;1.102297.0
13138;SS1-Active delay time brake ramp monitoring (t_shift);REAL;1.102301.0
13139;SS1-Velocity delta (v_delta) brake ramp monitoring;REAL;1.102305.0
13141;Diagnostic category: Safety SLS Brake ramp monitoring channel A/B;UINT;1.102308.0
13142;SS1-Active velocity delta (v_delta) brake ramp monitoring;REAL;1.102309.0
13143;SLS-Actual upper velocity limit;REAL;1.102313.0
13144;SS2-Delay time of brake ramp monitoring (t_shift);REAL;1.102317.0
13145;SS2-Active delay time of brake ramp monitoring (t_shift);REAL;1.102321.0
13146;SS2-Velocity delta (v_delta) brake ramp monitoring;REAL;1.102322.0
13147;SS2-Active velocity delta (v_delta) brake ramp monitoring;REAL;1.102323.0
13148;SS1-Actual upper velocity limit value brake ramp monitoring;REAL;1.102324.0
13149;SS1-Actual lower velocity limit value brake ramp monitoring;REAL;1.102325.0
13150;SS2-Actual upper velocity limit value brake ramp monitoring;REAL;1.102326.0
13151;SLS-Actual lower velocity limit;REAL;1.102327.0
13152;SS2-Actual lower velocity limit value brake ramp monitoring;REAL;1.102328.0
13153;SMS-Active activation SMS;BOOL;1.102329.0
13154;Active error reaction: Safety SS1 encoder not ready/encoder configuration invalid channel A/B;UINT;1.102332.0
13155;Active error reaction: Safety SS1 Standstill window violated channel A/B;UINT;1.102336.0
13156;Active error reaction: Safety SS1 Limit value violation brake ramp monitoring channel A/B;UINT;1.102337.0
13157;Active error reaction: Safety SS2 Encoder not ready/encoder configuration invalid or SOS not activated invalid channel A/B;UINT;1.102340.0
13158;Active error reaction: Safety SS2 Limit value violation brake ramp monitoring channel A/B;UINT;1.102343.0
13160;Diagnostic category: Safety SS1 encoder not ready/encoder configuration invalid channel A/B;UINT;1.102346.0
13161;SS1-Active maximum velocity;REAL;1.102347.0
13162;SS1-Active maximum deceleration;REAL;1.102351.0
13164;Diagnostic category: Safety SS2 Encoder not ready/encoder configuration invalid or SOS not activated invalid channel A/B;UINT;1.102357.0
13165;SS1-Active maximum jerk;REAL;1.102359.0
13166;SS2-Active maximum velocity;REAL;1.102363.0
13167;SS2-Active maximum deceleration;REAL;1.102367.0
13169;Diagnostic category: Safety SS1 Limit value violation brake ramp monitoring channel A/B;UINT;1.102370.0
13170;SS2-Active maximum jerk;REAL;1.102375.0
13171;SS1-Activation SS1;BOOL;1.102379.0
13172;SS1-Active activation SS1;BOOL;1.102383.0
13173;SLS-Velocity delta (v_delta) brake ramp monitoring;REAL;1.102385.0
13175;SS2-Activation SS2;BOOL;1.102387.0
13176;Diagnostic category: Safety SS1 Standstill window violated channel A/B;UINT;1.102388.0
13177;SS2-Active activation SS2;BOOL;1.102389.0
13178;SLS-Active velocity delta (v_delta) brake ramp monitoring;REAL;1.102391.0
13180;Diagnostic category: Safety SS2 Brake ramp monitoring channel A/B;UINT;1.102412.0
13182;Active activation of extended gear factor;BOOL;1.102443.0
13183;Activation Safety Motor;BOOL;1.71435.0
13184;Diagnosis V034 Compatible;BOOL;1.100975.0
13185;Activation Torque/Position;BOOL;1.101082.0
13186;Torque/Position;BOOL;1.101089.0
13188;Activation torque at standstill;BOOL;1.101097.0
13189;Output Torque/Position;REAL;1.101131.0
13190;Limit value standstill detection;REAL;1.101149.0
13191;Activation STO+SBC;BOOL;1.102558.0
13192;Gain factor Torque/Position;REAL;1.102641.0
13193;Direction Torque/Position;USINT;1.102642.0
13194;Setpoint Selector Torque/Position;USINT;1.102643.0
13195;Torque table;REAL;1.102644.0
13196;Position table;LINT;1.102645.0
13197;Number of table elements;UDINT;1.102646.0
13198;Offset Position Torque/Position;LINT;1.102647.0
13199;Offset Torque Torque/Position;REAL;1.102648.0
13200;Source Parameter Torque/Position;LINT;1.102649.0
13201;Offset analog input;REAL;1.102673.0
13202;ZSW2.5 Holding brake;BOOL;1.1146090.0
13203;Safety diagnostic buffer number;UINT;1.11280064.0
13204;Safety diagnostic buffer time stamp;UDINT;1.11280065.0
13205;Safety diagnostic buffer counter;UINT;1.11280066.0
13206;Safety diagnostic buffer active error ID;UINT;1.11280067.0
13207;SOS-Delay time (t_delay);REAL;1.100554.0
13208;SOS-Monitoring window Position;LINT;1.100558.0
13209;Active error reaction: Safety Safe Torque Off Condition violated channel A/B;UINT;1.101752.0
13211;Diagnostic category: Safety Safe Torque Off Condition violated channel A/B;UINT;1.101771.0
13212;Active error reaction: SOS encoder not ready/encoder configuration invalid channel A/B;UINT;1.101777.0
13213;Active error reaction: Safety SOS velocity limit violated channel A/B;UINT;1.101781.0
13214;Active error reaction: Safety SOS position limit violated channel A/B;UINT;1.101785.0
13216;Diagnostic category: Safety SOS encoder not ready/encoder configuration invalid channel A/B;UINT;1.101819.0
13218;Diagnostic category: Safety SOS velocity limit value violated channel A/B;UINT;1.101867.0
13220;Diagnostic category: Safety SOS position limit value violated channel A/B;UINT;1.101892.0
13221;SOS-Activation Safe Operating Stop;BOOL;1.102355.0
13222;SOS-Active Activation Safe Operating Stop;BOOL;1.102371.0
13223;Active error response: Safety SBC status invalid channel A/B;UINT;1.102530.0
13225;Diagnostic category: Safety SBC status invalid channel A/B;UINT;1.102560.0
13226;Active Activation STO+SBC;BOOL;1.102566.0
13227;Normalized position channel A;LINT;1.102574.0
13228;Normalized position channel B;LINT;1.102582.0
13229;SBC-Activation SBC;BOOL;1.102588.0
13230;SBC-Active Activation SBC;BOOL;1.102592.0
13231;Invalid position channel A;BOOL;1.102596.0
13232;Invalid position channel B;BOOL;1.102600.0
13233;Extended increments per revolution;UDINT;1.102728.0
13234;Activation Extended increments per revolution;BOOL;1.102730.0
13235;Torque on motor side;BOOL;1.1128062.0
13236;Lower limit value jerk;REAL;1.102777.0
13237;Upper limit value jerk;REAL;1.102778.0
13238;Jerk limitation status;BOOL;1.102796.0
13241;Active SLS-Safely Limited speed selector;USINT;1.102765.0
13242;Active SLS-Safely Limited speed factor;UINT;1.102766.0
13243;Safety Validated;BOOL;1.102797.0
13245;Diagnostic category: Safety Velocity/acceleration greater than permissible maximum values channel A/B;UINT;1.102828.0
13246;Active error response: Safety Velocity/acceleration greater than permissible maximum values channel A/B;UINT;1.102835.0
13248;Diagnostic category: Safety Velocity from encoder exceeds velocity limit channel A/B;UINT;1.102841.0
13249;Active error response: Safety Velocity from encoder exceeds velocity limit channel A/B;UINT;1.102848.0
13251;Diagnostic category: Safety SLS scaling factor invalid channel A/B;UINT;1.102803.0
13252;Active error response: Safety SLS scaling factor invalid channel A/B;UINT;1.102804.0
13253;Fieldweakening: Active max. rotary speed;REAL;1.71370.0
13254;Pitch length;REAL;1.102704.0
13255;Force constant (active value);REAL;1.102927.0
13256;Slide weight linear;REAL;1.102929.0
13257;Fieldweakening: max. rotary speed (user defined);REAL;1.71371.0
13258;Pitch length (user defined);REAL;1.102901.0
13259;Rated velocity linear (user defined);REAL;1.102904.0
13260;Maximum velocity linear (user defined);REAL;1.102905.0
13261;Maximum velocity fieldweakening linear (user defined);REAL;1.102906.0
13262;Force constant (user defined);REAL;1.102907.0
13263;Slide weight linear (user defined);REAL;1.102928.0
13264;Enable working stroke detection;BOOL;1.102909.0
13265;Working stroke detection method;DINT;1.102910.0
13266;Offset software limit to position mark;LINT;1.102911.0
13267;Move free offset;LINT;1.102912.0
13268;Detected working stroke;LINT;1.102913.0
13269;XSOLL_A;LINT;1.11280608.0
13270;CS IPO delta time;REAL;1.102914.0
13271;Storage option: Invalid gearbox configuration;USINT;1.102876.0
13272;Diagnostic category: Invalid gearbox configuration;UINT;1.102877.0
13273;Enable analog velocity override input;BOOL;1.130911.0
13274;Storage option: Invalid gearbox configuration;USINT;1.102876.0
13275;Diagnostic category: Invalid gearbox configuration;UINT;1.102877.0
13276;Enable analog velocity override input;BOOL;1.130911.0
13277;Valid motion monitoring AC5;UDINT;1.11280034.0
13278;Unwind range;LINT;1.102964.0
13279;Output setpoint;LINT;1.102965.0
13280;Output unwind;LINT;1.102966.0
13281;State of application class 5;UDINT;1.11280532.0
13282;ZSW2.10 Synchronized active;BOOL;1.1146091.0
13283;STW2.9 Set referene point;BOOL;1.1148130.0
60000;Base value velocity;REAL;1.11280701.0
60100;Active telegrams;UINT;0.11280210.0
60104;Extended process data;UINT;0.11280204.0
60105;Active telegram Subslot 5;UINT;0.101935.0